"","timestamp","open","high","low","close","volume"
"1",2014-05-01 09:30:00,21.86,21.86,21.86,21.86,100
"2",2014-05-01 09:41:00,21.916,21.916,21.916,21.916,250
"3",2014-05-01 10:05:00,21.95,21.95,21.95,21.95,660
"4",2014-05-01 10:07:00,21.9406,21.9406,21.9406,21.9406,520
"5",2014-05-01 10:15:00,21.9986,21.9986,21.9986,21.9986,100
"6",2014-05-01 10:17:00,21.98,21.99,21.97,21.985,600
"7",2014-05-01 10:18:00,21.935,21.935,21.92,21.9275,4900
"8",2014-05-01 10:23:00,21.9491,21.95,21.9491,21.95,800
"9",2014-05-01 10:27:00,21.9582,21.9582,21.9582,21.9582,100
"10",2014-05-01 10:30:00,21.96,21.96,21.9582,21.9582,3596
"11",2014-05-01 10:31:00,21.96,21.96,21.96,21.96,2642
"12",2014-05-01 10:32:00,21.96,21.96,21.96,21.96,7022
"13",2014-05-01 10:34:00,22,22,22,22,3250
"14",2014-05-01 10:35:00,22.06,22.07,22.06,22.07,685
"15",2014-05-01 10:37:00,22.04,22.04,22.04,22.04,400
"16",2014-05-01 10:40:00,22.04,22.05,22.03,22.03,6800
"17",2014-05-01 10:41:00,22.02,22.02,22.02,22.02,200
"18",2014-05-01 10:47:00,22.04,22.04,22.04,22.04,100
"19",2014-05-01 10:48:00,22.04,22.04,22.04,22.04,100
"20",2014-05-01 10:57:00,22.05,22.07,22.05,22.07,800
"21",2014-05-01 10:59:00,22.0999,22.0999,22.07,22.09,1550
"22",2014-05-01 11:12:00,22.0578,22.08,22.0578,22.08,1100
"23",2014-05-01 11:29:00,22.05,22.07,22.04,22.07,2100
"24",2014-05-01 11:31:00,22.08,22.08,22.08,22.08,300
"25",2014-05-01 11:39:00,22.09,22.09,22.09,22.09,200
"26",2014-05-01 11:50:00,22.075,22.075,22.075,22.075,100
"27",2014-05-01 11:56:00,22.07,22.07,22.07,22.07,200
"28",2014-05-01 12:03:00,22.0712,22.0712,22.0712,22.0712,200
"29",2014-05-01 12:12:00,22.0799,22.0799,22.0799,22.0799,100
"30",2014-05-01 12:38:00,22.075,22.075,22.075,22.075,300
"31",2014-05-01 12:41:00,22.071,22.071,22.071,22.071,100
"32",2014-05-01 13:10:00,22.07,22.07,22.07,22.07,100
"33",2014-05-01 13:26:00,22.07,22.07,22.07,22.07,300
"34",2014-05-01 13:40:00,22.07,22.08,22.07,22.08,1102
"35",2014-05-01 13:46:00,22.078,22.078,22.075,22.075,480
"36",2014-05-01 14:23:00,22.07,22.071,22.07,22.071,400
"37",2014-05-01 14:28:00,22.061,22.07,22.061,22.07,500
"38",2014-05-01 14:32:00,22.07,22.07,22.07,22.07,600
"39",2014-05-01 14:38:00,22.0799,22.0799,22.07,22.07,210
"40",2014-05-01 14:44:00,22.07,22.07,22.07,22.07,600
"41",2014-05-01 14:46:00,22.065,22.065,22.065,22.065,100
"42",2014-05-01 14:47:00,22.0501,22.0501,22.0501,22.0501,100
"43",2014-05-01 14:48:00,22.07,22.07,22.07,22.07,300
"44",2014-05-01 14:50:00,22.065,22.065,22.06,22.06,439
"45",2014-05-01 15:02:00,22.06,22.06,22.06,22.06,100
"46",2014-05-01 15:03:00,22.05,22.051,22.05,22.05,635
"47",2014-05-01 15:20:00,22.02,22.03,22.02,22.02,9700
"48",2014-05-01 15:23:00,22.04,22.04,22.04,22.04,389
"49",2014-05-01 15:25:00,22.011,22.011,22.011,22.011,262
"50",2014-05-01 15:34:00,22.02,22.02,22.011,22.011,500
"51",2014-05-01 15:44:00,22.02,22.02,22.02,22.02,1400
"52",2014-05-01 15:53:00,22.02,22.02,22.02,22.02,100
"53",2014-05-01 15:55:00,22.01,22.015,22.01,22.015,2000
"54",2014-05-01 15:57:00,22.01,22.015,22.01,22.015,2000
"55",2014-05-01 15:59:00,22.01,22.018,22.01,22.015,1398
"56",2014-05-02 09:30:00,22.1,22.1,22.02,22.02,450
"57",2014-05-02 09:33:00,22.05,22.105,22.04,22.07,2000
"58",2014-05-02 09:36:00,22.07,22.07,22.07,22.07,1235
"59",2014-05-02 09:37:00,22.11,22.11,22.1,22.1,900
"60",2014-05-02 09:41:00,22.021,22.023,22.021,22.023,2000
"61",2014-05-02 09:42:00,22.04,22.04,22.02,22.02,700
"62",2014-05-02 09:52:00,22.0266,22.0266,22.0266,22.0266,200
"63",2014-05-02 09:55:00,22.0414,22.0414,22.04,22.04,320
"64",2014-05-02 10:04:00,22.0404,22.0404,22.0404,22.0404,100
"65",2014-05-02 10:08:00,22.0401,22.0401,22.04,22.0401,545
"66",2014-05-02 10:11:00,22.05,22.05,22.05,22.05,200
"67",2014-05-02 10:30:00,22.0799,22.0799,22.07,22.07,2600
"68",2014-05-02 10:44:00,22.06,22.06,22.05,22.06,1000
"69",2014-05-02 11:04:00,22.05,22.05,22.05,22.05,100
"70",2014-05-02 11:07:00,22.06,22.06,22.06,22.06,200
"71",2014-05-02 11:10:00,22.05,22.05,22.05,22.05,100
"72",2014-05-02 11:13:00,22.04,22.04,22.04,22.04,200
"73",2014-05-02 11:21:00,22.0466,22.0466,22.0466,22.0466,227
"74",2014-05-02 11:47:00,22.05,22.05,22.05,22.05,100
"75",2014-05-02 11:54:00,22.049,22.049,22.049,22.049,1000
"76",2014-05-02 13:15:00,22.035,22.035,22.035,22.035,200
"77",2014-05-02 13:27:00,22.035,22.04,22.03,22.04,12600
"78",2014-05-02 13:31:00,22.0399,22.0399,22.0399,22.0399,200
"79",2014-05-02 13:50:00,22.04,22.04,22.04,22.04,200
"80",2014-05-02 14:41:00,22.04,22.04,22.035,22.0399,400
"81",2014-05-02 15:02:00,22.0399,22.0399,22.0399,22.0399,150
"82",2014-05-02 15:16:00,22.04,22.04,22.04,22.04,100
"83",2014-05-02 15:17:00,22.05,22.05,22.05,22.05,100
"84",2014-05-02 15:20:00,22.0566,22.0566,22.0566,22.0566,200
"85",2014-05-02 15:21:00,22.0501,22.06,22.0501,22.06,1999
"86",2014-05-02 15:23:00,22.07,22.07,22.07,22.07,100
"87",2014-05-02 15:28:00,22.06,22.06,22.06,22.06,100
"88",2014-05-02 15:41:00,22.0401,22.0401,22.0401,22.0401,315
"89",2014-05-02 15:54:00,22.0882,22.0882,22.0882,22.0882,200
"90",2014-05-02 15:57:00,22.06,22.06,22.06,22.06,300
"91",2014-05-02 15:59:00,22.09,22.09,22.09,22.09,100
"92",2014-05-05 09:30:00,21.87,21.87,21.87,21.87,100
"93",2014-05-05 09:53:00,21.8785,21.8785,21.8785,21.8785,180
"94",2014-05-05 09:57:00,21.8601,21.8601,21.8601,21.8601,758
"95",2014-05-05 10:10:00,21.9,21.9,21.9,21.9,100
"96",2014-05-05 10:11:00,21.9,21.9,21.9,21.9,1900
"97",2014-05-05 10:18:00,21.89,21.89,21.89,21.89,300
"98",2014-05-05 10:19:00,21.89,21.92,21.89,21.92,9908
"99",2014-05-05 10:29:00,21.915,21.915,21.85,21.85,3900
"100",2014-05-05 10:38:00,21.881,21.92,21.88,21.92,2800
"101",2014-05-05 10:39:00,21.92,21.93,21.92,21.93,3400
"102",2014-05-05 10:47:00,21.8986,21.9,21.8986,21.9,332
"103",2014-05-05 10:49:00,21.9,21.9,21.9,21.9,100
"104",2014-05-05 11:13:00,21.901,21.901,21.901,21.901,100
"105",2014-05-05 11:43:00,21.93,21.93,21.93,21.93,100
"106",2014-05-05 11:44:00,21.94,21.94,21.94,21.94,200
"107",2014-05-05 11:45:00,21.93,21.94,21.93,21.94,300
"108",2014-05-05 11:46:00,21.94,21.94,21.94,21.94,400
"109",2014-05-05 11:47:00,21.94,21.94,21.94,21.94,600
"110",2014-05-05 11:48:00,21.94,21.94,21.94,21.94,300
"111",2014-05-05 11:49:00,21.94,21.94,21.94,21.94,200
"112",2014-05-05 11:50:00,21.94,21.94,21.94,21.94,400
"113",2014-05-05 11:51:00,21.94,21.94,21.94,21.94,300
"114",2014-05-05 11:52:00,21.94,21.94,21.94,21.94,800
"115",2014-05-05 11:53:00,21.94,21.94,21.94,21.94,400
"116",2014-05-05 11:54:00,21.94,21.94,21.94,21.94,400
"117",2014-05-05 11:55:00,21.9128,21.94,21.9128,21.94,500
"118",2014-05-05 11:56:00,21.94,21.94,21.94,21.94,300
"119",2014-05-05 11:57:00,21.94,21.94,21.94,21.94,500
"120",2014-05-05 11:58:00,21.94,21.94,21.94,21.94,200
"121",2014-05-05 11:59:00,21.94,21.94,21.94,21.94,400
"122",2014-05-05 12:00:00,21.94,21.95,21.94,21.95,300
"123",2014-05-05 12:02:00,21.95,21.95,21.95,21.95,400
"124",2014-05-05 12:03:00,21.95,21.95,21.95,21.95,200
"125",2014-05-05 12:04:00,21.945,21.95,21.945,21.95,300
"126",2014-05-05 12:05:00,21.95,21.95,21.95,21.95,200
"127",2014-05-05 12:06:00,21.95,21.95,21.95,21.95,200
"128",2014-05-05 12:07:00,21.95,21.95,21.95,21.95,400
"129",2014-05-05 12:08:00,21.95,21.95,21.95,21.95,200
"130",2014-05-05 12:09:00,21.95,21.95,21.95,21.95,200
"131",2014-05-05 12:10:00,21.95,21.95,21.95,21.95,200
"132",2014-05-05 12:11:00,21.95,21.95,21.95,21.95,200
"133",2014-05-05 12:12:00,21.95,21.95,21.95,21.95,200
"134",2014-05-05 12:13:00,21.95,21.95,21.95,21.95,300
"135",2014-05-05 12:14:00,21.95,21.95,21.95,21.95,200
"136",2014-05-05 12:15:00,21.95,21.95,21.95,21.95,200
"137",2014-05-05 12:16:00,21.95,21.95,21.95,21.95,200
"138",2014-05-05 12:17:00,21.95,21.95,21.95,21.95,200
"139",2014-05-05 12:18:00,21.95,21.95,21.95,21.95,200
"140",2014-05-05 12:19:00,21.95,21.95,21.95,21.95,200
"141",2014-05-05 12:20:00,21.95,21.95,21.95,21.95,400
"142",2014-05-05 12:21:00,21.95,21.95,21.95,21.95,200
"143",2014-05-05 12:22:00,21.95,21.95,21.95,21.95,200
"144",2014-05-05 12:23:00,21.95,21.95,21.95,21.95,200
"145",2014-05-05 12:24:00,21.95,21.95,21.95,21.95,200
"146",2014-05-05 12:25:00,21.95,21.95,21.9401,21.9401,300
"147",2014-05-05 12:26:00,21.95,21.95,21.95,21.95,200
"148",2014-05-05 12:27:00,21.95,21.95,21.95,21.95,100
"149",2014-05-05 12:28:00,21.95,21.95,21.95,21.95,200
"150",2014-05-05 12:29:00,21.95,21.95,21.95,21.95,200
"151",2014-05-05 12:30:00,21.95,21.95,21.95,21.95,200
"152",2014-05-05 12:31:00,21.95,21.95,21.95,21.95,200
"153",2014-05-05 12:32:00,21.95,21.95,21.95,21.95,200
"154",2014-05-05 12:33:00,21.95,21.95,21.95,21.95,400
"155",2014-05-05 12:34:00,21.95,21.95,21.95,21.95,200
"156",2014-05-05 12:35:00,21.95,21.95,21.95,21.95,200
"157",2014-05-05 12:36:00,21.95,21.95,21.95,21.95,200
"158",2014-05-05 12:37:00,21.95,21.95,21.95,21.95,200
"159",2014-05-05 12:38:00,21.95,21.95,21.95,21.95,200
"160",2014-05-05 12:39:00,21.95,21.95,21.95,21.95,200
"161",2014-05-05 12:40:00,21.95,21.95,21.95,21.95,200
"162",2014-05-05 12:41:00,21.95,21.95,21.95,21.95,200
"163",2014-05-05 12:43:00,21.95,21.95,21.95,21.95,200
"164",2014-05-05 12:44:00,21.95,21.95,21.95,21.95,200
"165",2014-05-05 12:45:00,21.95,21.95,21.95,21.95,200
"166",2014-05-05 12:46:00,21.95,21.95,21.95,21.95,200
"167",2014-05-05 12:47:00,21.9493,21.95,21.9493,21.95,2700
"168",2014-05-05 12:48:00,21.95,21.95,21.93,21.93,4178
"169",2014-05-05 12:50:00,21.93,21.93,21.93,21.93,500
"170",2014-05-05 12:51:00,21.92,21.92,21.92,21.92,150
"171",2014-05-05 13:05:00,21.93,21.945,21.93,21.945,2100
"172",2014-05-05 13:07:00,21.94,21.94,21.94,21.94,100
"173",2014-05-05 13:12:00,21.93,21.93,21.93,21.93,100
"174",2014-05-05 13:15:00,21.94,21.945,21.94,21.945,1900
"175",2014-05-05 13:16:00,21.94,21.94,21.94,21.94,900
"176",2014-05-05 13:17:00,21.9401,21.9401,21.9401,21.9401,100
"177",2014-05-05 13:29:00,21.95,21.95,21.95,21.95,200
"178",2014-05-05 13:30:00,21.95,21.96,21.95,21.96,500
"179",2014-05-05 13:31:00,21.97,21.97,21.97,21.97,200
"180",2014-05-05 13:32:00,21.97,21.97,21.97,21.97,200
"181",2014-05-05 13:33:00,21.98,21.98,21.98,21.98,200
"182",2014-05-05 13:34:00,21.98,21.98,21.98,21.98,200
"183",2014-05-05 13:35:00,21.98,21.98,21.98,21.98,200
"184",2014-05-05 13:36:00,21.98,21.98,21.98,21.98,200
"185",2014-05-05 13:37:00,21.98,21.98,21.98,21.98,200
"186",2014-05-05 13:38:00,21.98,21.98,21.98,21.98,200
"187",2014-05-05 13:39:00,21.98,21.98,21.98,21.98,200
"188",2014-05-05 13:40:00,21.98,21.98,21.98,21.98,200
"189",2014-05-05 13:41:00,21.98,21.98,21.98,21.98,200
"190",2014-05-05 13:42:00,21.98,21.98,21.98,21.98,200
"191",2014-05-05 13:43:00,21.98,21.98,21.98,21.98,200
"192",2014-05-05 13:44:00,21.98,21.98,21.98,21.98,200
"193",2014-05-05 13:45:00,21.98,21.98,21.98,21.98,200
"194",2014-05-05 13:46:00,21.98,21.98,21.98,21.98,300
"195",2014-05-05 13:47:00,21.98,21.98,21.98,21.98,200
"196",2014-05-05 13:48:00,21.98,21.98,21.98,21.98,200
"197",2014-05-05 13:49:00,21.98,21.98,21.98,21.98,200
"198",2014-05-05 13:50:00,21.98,21.98,21.98,21.98,400
"199",2014-05-05 13:51:00,21.98,21.98,21.98,21.98,200
"200",2014-05-05 13:52:00,21.98,21.98,21.98,21.98,200
"201",2014-05-05 13:53:00,21.98,21.98,21.98,21.98,200
"202",2014-05-05 13:54:00,21.98,21.98,21.98,21.98,200
"203",2014-05-05 13:55:00,21.98,21.98,21.98,21.98,200
"204",2014-05-05 13:56:00,21.98,21.98,21.98,21.98,200
"205",2014-05-05 13:57:00,21.98,21.98,21.98,21.98,200
"206",2014-05-05 13:58:00,21.98,21.98,21.98,21.98,200
"207",2014-05-05 13:59:00,21.9701,21.98,21.9701,21.9708,1380
"208",2014-05-05 14:00:00,21.98,21.98,21.98,21.98,400
"209",2014-05-05 14:01:00,21.98,21.98,21.98,21.98,200
"210",2014-05-05 14:02:00,21.98,21.98,21.98,21.98,200
"211",2014-05-05 14:03:00,21.98,21.98,21.98,21.98,200
"212",2014-05-05 14:04:00,21.99,21.99,21.99,21.99,300
"213",2014-05-05 14:05:00,21.99,21.99,21.99,21.99,300
"214",2014-05-05 14:06:00,21.99,21.99,21.99,21.99,600
"215",2014-05-05 14:07:00,21.99,21.99,21.99,21.99,300
"216",2014-05-05 14:08:00,21.99,21.99,21.99,21.99,300
"217",2014-05-05 14:09:00,21.98,21.98,21.98,21.98,300
"218",2014-05-05 14:10:00,21.98,21.98,21.98,21.98,400
"219",2014-05-05 14:11:00,21.98,21.98,21.98,21.98,200
"220",2014-05-05 14:12:00,21.98,21.98,21.98,21.98,200
"221",2014-05-05 14:13:00,21.98,21.98,21.98,21.98,200
"222",2014-05-05 14:14:00,21.99,21.99,21.99,21.99,600
"223",2014-05-05 14:15:00,21.99,21.99,21.99,21.99,300
"224",2014-05-05 14:16:00,21.99,21.99,21.99,21.99,300
"225",2014-05-05 14:17:00,21.99,21.99,21.99,21.99,200
"226",2014-05-05 14:18:00,21.99,21.99,21.99,21.99,500
"227",2014-05-05 14:19:00,21.99,21.99,21.99,21.99,300
"228",2014-05-05 14:20:00,21.99,21.99,21.99,21.99,200
"229",2014-05-05 14:21:00,21.99,21.99,21.99,21.99,500
"230",2014-05-05 14:22:00,21.99,21.99,21.99,21.99,300
"231",2014-05-05 14:23:00,21.99,21.99,21.99,21.99,300
"232",2014-05-05 14:24:00,21.99,21.99,21.99,21.99,200
"233",2014-05-05 14:25:00,21.99,21.99,21.99,21.99,600
"234",2014-05-05 14:26:00,21.99,21.99,21.99,21.99,300
"235",2014-05-05 14:27:00,21.99,21.99,21.99,21.99,300
"236",2014-05-05 14:28:00,21.99,21.99,21.99,21.99,200
"237",2014-05-05 14:29:00,21.99,21.99,21.99,21.99,500
"238",2014-05-05 14:30:00,21.99,21.99,21.99,21.99,200
"239",2014-05-05 14:31:00,21.99,21.99,21.99,21.99,200
"240",2014-05-05 14:32:00,21.99,21.99,21.99,21.99,400
"241",2014-05-05 14:33:00,21.99,21.99,21.99,21.99,200
"242",2014-05-05 14:34:00,21.99,21.99,21.99,21.99,200
"243",2014-05-05 14:35:00,21.99,21.99,21.99,21.99,200
"244",2014-05-05 14:36:00,21.99,21.99,21.99,21.99,200
"245",2014-05-05 14:37:00,21.99,21.99,21.99,21.99,400
"246",2014-05-05 14:38:00,21.99,21.99,21.99,21.99,200
"247",2014-05-05 14:39:00,21.99,21.99,21.99,21.99,200
"248",2014-05-05 14:40:00,21.99,21.99,21.99,21.99,200
"249",2014-05-05 14:41:00,21.99,21.99,21.99,21.99,400
"250",2014-05-05 14:42:00,21.99,21.99,21.99,21.99,200
"251",2014-05-05 14:43:00,21.99,21.99,21.99,21.99,200
"252",2014-05-05 14:44:00,21.99,21.99,21.99,21.99,200
"253",2014-05-05 14:45:00,21.99,21.99,21.99,21.99,400
"254",2014-05-05 14:46:00,21.99,21.99,21.99,21.99,200
"255",2014-05-05 14:47:00,21.99,21.99,21.99,21.99,200
"256",2014-05-05 14:48:00,21.99,21.99,21.99,21.99,200
"257",2014-05-05 14:49:00,21.99,21.99,21.99,21.99,400
"258",2014-05-05 14:50:00,21.99,21.99,21.99,21.99,200
"259",2014-05-05 14:51:00,21.99,21.99,21.99,21.99,200
"260",2014-05-05 14:52:00,21.99,21.99,21.99,21.99,200
"261",2014-05-05 14:53:00,21.99,21.99,21.99,21.99,400
"262",2014-05-05 14:54:00,21.99,21.99,21.99,21.99,200
"263",2014-05-05 14:55:00,21.99,21.99,21.99,21.99,200
"264",2014-05-05 14:56:00,21.99,21.99,21.99,21.99,400
"265",2014-05-05 14:57:00,21.99,21.99,21.99,21.99,200
"266",2014-05-05 14:58:00,21.99,21.99,21.99,21.99,200
"267",2014-05-05 14:59:00,22,22,22,22,400
"268",2014-05-05 15:00:00,22,22,22,22,200
"269",2014-05-05 15:01:00,22,22,22,22,200
"270",2014-05-05 15:02:00,22,22,22,22,400
"271",2014-05-05 15:03:00,22,22,22,22,200
"272",2014-05-05 15:04:00,22,22,22,22,200
"273",2014-05-05 15:05:00,22,22,22,22,400
"274",2014-05-05 15:06:00,22,22,22,22,200
"275",2014-05-05 15:07:00,22,22,22,22,200
"276",2014-05-05 15:08:00,22,22,22,22,400
"277",2014-05-05 15:09:00,22,22,22,22,200
"278",2014-05-05 15:10:00,22,22,22,22,300
"279",2014-05-05 15:11:00,22,22,22,22,400
"280",2014-05-05 15:12:00,22,22,22,22,200
"281",2014-05-05 15:13:00,22,22,22,22,400
"282",2014-05-05 15:14:00,22,22,22,22,200
"283",2014-05-05 15:15:00,22,22,22,22,200
"284",2014-05-05 15:16:00,22,22,22,22,400
"285",2014-05-05 15:17:00,22,22,22,22,200
"286",2014-05-05 15:18:00,22,22,22,22,400
"287",2014-05-05 15:19:00,22,22,22,22,200
"288",2014-05-05 15:20:00,22,22,22,22,500
"289",2014-05-05 15:21:00,22,22,22,22,200
"290",2014-05-05 15:22:00,22,22,22,22,400
"291",2014-05-05 15:23:00,22,22,22,22,200
"292",2014-05-05 15:24:00,22,22,22,22,400
"293",2014-05-05 15:25:00,22,22,22,22,100
"294",2014-05-05 15:26:00,22,22,22,22,400
"295",2014-05-05 15:27:00,22,22,22,22,200
"296",2014-05-05 15:28:00,22,22,22,22,500
"297",2014-05-05 15:29:00,22.01,22.01,22.01,22.01,300
"298",2014-05-05 15:30:00,22.01,22.01,22.01,22.01,200
"299",2014-05-05 15:31:00,22.01,22.01,22.01,22.01,400
"300",2014-05-05 15:32:00,22.01,22.01,22.01,22.01,200
"301",2014-05-05 15:33:00,22.01,22.01,22.01,22.01,300
"302",2014-05-05 15:34:00,22.01,22.01,22.01,22.01,300
"303",2014-05-05 15:35:00,22.01,22.01,22.01,22.01,200
"304",2014-05-05 15:36:00,22.01,22.01,22.01,22.01,400
"305",2014-05-05 15:37:00,22.01,22.01,22.01,22.01,400
"306",2014-05-05 15:38:00,22.01,22.01,22.01,22.01,400
"307",2014-05-05 15:39:00,22.01,22.01,22.01,22.01,3400
"308",2014-05-05 15:40:00,22.01,22.01,22.01,22.01,500
"309",2014-05-05 15:41:00,22.01,22.01,22.01,22.01,400
"310",2014-05-05 15:42:00,22.01,22.01,22.01,22.01,400
"311",2014-05-05 15:43:00,22.01,22.01,22.01,22.01,400
"312",2014-05-05 15:44:00,22.01,22.01,22.01,22.01,400
"313",2014-05-05 15:45:00,22.01,22.01,22.01,22.01,300
"314",2014-05-05 15:46:00,22.01,22.01,22.01,22.01,200
"315",2014-05-05 15:53:00,22.02,22.02,22.02,22.02,200
"316",2014-05-05 15:54:00,22.02,22.02,22.02,22.02,300
"317",2014-05-05 15:55:00,22.02,22.02,22.02,22.02,600
"318",2014-05-05 15:56:00,22.015,22.02,22.015,22.02,600
"319",2014-05-05 15:57:00,22.02,22.02,22.02,22.02,500
"320",2014-05-05 15:58:00,22.02,22.02,22.02,22.02,2200
"321",2014-05-05 15:59:00,22.02,22.02,22.02,22.02,2447
"322",2014-05-06 09:30:00,21.95,21.95,21.95,21.95,100
"323",2014-05-06 09:42:00,21.93,21.93,21.93,21.93,438
"324",2014-05-06 09:43:00,21.9101,21.92,21.91,21.9105,800
"325",2014-05-06 09:50:00,21.9452,21.9652,21.9452,21.9652,700
"326",2014-05-06 09:55:00,21.94,21.94,21.94,21.94,800
"327",2014-05-06 10:05:00,21.98,22.03,21.98,22.03,1300
"328",2014-05-06 10:08:00,22.02,22.02,22.02,22.02,1000
"329",2014-05-06 10:14:00,22.02,22.02,22.02,22.02,200
"330",2014-05-06 10:17:00,22.021,22.021,22.021,22.021,195
"331",2014-05-06 10:26:00,22.03,22.03,22.03,22.03,4000
"332",2014-05-06 10:37:00,22.0368,22.0368,22.0368,22.0368,650
"333",2014-05-06 10:46:00,22.07,22.07,22.07,22.07,100
"334",2014-05-06 10:51:00,22.08,22.08,22.08,22.08,600
"335",2014-05-06 10:57:00,22.08,22.08,22.06,22.06,2731
"336",2014-05-06 11:06:00,22.064,22.064,22.064,22.064,1900
"337",2014-05-06 11:24:00,22.0499,22.0499,22.0499,22.0499,150
"338",2014-05-06 11:36:00,22.0401,22.0401,22.0401,22.0401,100
"339",2014-05-06 11:50:00,22.04,22.0404,22.04,22.04,3360
"340",2014-05-06 12:10:00,22.04,22.04,22.04,22.04,100
"341",2014-05-06 12:12:00,22.0086,22.01,22.0086,22.01,200
"342",2014-05-06 12:51:00,21.99,21.99,21.99,21.99,146
"343",2014-05-06 13:02:00,22.016,22.016,22.016,22.016,200
"344",2014-05-06 13:09:00,22.0368,22.0368,22.0368,22.0368,200
"345",2014-05-06 13:15:00,21.9901,21.9901,21.9901,21.9901,190
"346",2014-05-06 13:37:00,21.99,21.99,21.99,21.99,200
"347",2014-05-06 13:44:00,21.95,21.95,21.95,21.95,200
"348",2014-05-06 13:54:00,21.9501,21.9501,21.9501,21.9501,800
"349",2014-05-06 14:08:00,21.9566,21.9566,21.9566,21.9566,100
"350",2014-05-06 14:14:00,21.9501,21.98,21.9501,21.98,795
"351",2014-05-06 14:18:00,21.9799,21.9799,21.9799,21.9799,100
"352",2014-05-06 15:00:00,21.98,21.98,21.98,21.98,200
"353",2014-05-06 15:02:00,21.9712,21.9712,21.9712,21.9712,155
"354",2014-05-06 15:19:00,21.9799,21.9799,21.9799,21.9799,360
"355",2014-05-06 15:22:00,21.9776,21.9776,21.9776,21.9776,295
"356",2014-05-06 15:26:00,21.96,21.98,21.96,21.98,800
"357",2014-05-06 15:28:00,21.9702,21.9702,21.9702,21.9702,227
"358",2014-05-06 15:31:00,21.9729,21.9729,21.9729,21.9729,900
"359",2014-05-06 15:38:00,21.96,21.97,21.96,21.96,4359
"360",2014-05-06 15:42:00,21.96,21.96,21.96,21.96,200
"361",2014-05-06 15:50:00,21.9999,21.9999,21.9999,21.9999,155
"362",2014-05-06 15:57:00,21.9728,21.9728,21.9728,21.9728,500
"363",2014-05-06 15:59:00,21.96,21.96,21.96,21.96,420
"364",2014-05-07 09:30:00,21.82,21.82,21.82,21.82,100
"365",2014-05-07 09:35:00,21.83,21.83,21.83,21.83,110
"366",2014-05-07 09:38:00,21.83,21.83,21.83,21.83,100
"367",2014-05-07 09:40:00,21.84,21.84,21.84,21.84,690
"368",2014-05-07 09:45:00,21.8204,21.8204,21.8204,21.8204,500
"369",2014-05-07 09:52:00,21.8399,21.8399,21.8399,21.8399,300
"370",2014-05-07 09:55:00,21.83,21.83,21.83,21.83,200
"371",2014-05-07 09:56:00,21.8301,21.8301,21.8301,21.8301,500
"372",2014-05-07 10:16:00,21.83,21.83,21.83,21.83,200
"373",2014-05-07 10:17:00,21.832,21.832,21.832,21.832,200
"374",2014-05-07 10:21:00,21.83,21.83,21.82,21.82,3500
"375",2014-05-07 10:23:00,21.82,21.82,21.82,21.82,900
"376",2014-05-07 10:25:00,21.8201,21.8201,21.8201,21.8201,100
"377",2014-05-07 10:30:00,21.82,21.82,21.82,21.82,300
"378",2014-05-07 10:32:00,21.829,21.829,21.829,21.829,100
"379",2014-05-07 10:36:00,21.83,21.83,21.83,21.83,200
"380",2014-05-07 10:37:00,21.84,21.84,21.84,21.84,500
"381",2014-05-07 10:46:00,21.852,21.852,21.84,21.84,200
"382",2014-05-07 10:53:00,21.88,21.88,21.88,21.88,907
"383",2014-05-07 11:09:00,21.8801,21.8801,21.8801,21.8801,450
"384",2014-05-07 11:14:00,21.8801,21.8801,21.8801,21.8801,300
"385",2014-05-07 11:15:00,21.8899,21.8899,21.8899,21.8899,260
"386",2014-05-07 11:25:00,21.882,21.882,21.88,21.88,200
"387",2014-05-07 11:27:00,21.88,21.88,21.88,21.88,750
"388",2014-05-07 11:29:00,21.87,21.87,21.87,21.87,300
"389",2014-05-07 11:33:00,21.88,21.88,21.88,21.88,2550
"390",2014-05-07 11:42:00,21.91,21.91,21.91,21.91,200
"391",2014-05-07 11:45:00,21.91,21.92,21.9,21.9,3237
"392",2014-05-07 12:09:00,21.91,21.91,21.91,21.91,100
"393",2014-05-07 12:10:00,21.88,21.88,21.88,21.88,1000
"394",2014-05-07 12:12:00,21.88,21.882,21.88,21.881,1250
"395",2014-05-07 12:18:00,21.88,21.88,21.88,21.88,1000
"396",2014-05-07 12:20:00,21.89,21.89,21.89,21.89,4600
"397",2014-05-07 12:21:00,21.8892,21.8892,21.8892,21.8892,550
"398",2014-05-07 12:37:00,21.88,21.88,21.85,21.85,600
"399",2014-05-07 12:39:00,21.85,21.85,21.85,21.85,1200
"400",2014-05-07 12:40:00,21.8599,21.8599,21.8599,21.8599,150
"401",2014-05-07 12:42:00,21.86,21.86,21.86,21.86,1200
"402",2014-05-07 12:52:00,21.86,21.86,21.86,21.86,1000
"403",2014-05-07 13:08:00,21.84,21.84,21.84,21.84,100
"404",2014-05-07 13:14:00,21.85,21.85,21.8466,21.8466,300
"405",2014-05-07 13:24:00,21.8599,21.8599,21.8599,21.8599,150
"406",2014-05-07 13:36:00,21.87,21.87,21.87,21.87,100
"407",2014-05-07 13:38:00,21.86,21.86,21.86,21.86,1400
"408",2014-05-07 13:50:00,21.8699,21.8699,21.8699,21.8699,140
"409",2014-05-07 14:01:00,21.85,21.85,21.83,21.8471,300
"410",2014-05-07 14:17:00,21.86,21.86,21.86,21.86,100
"411",2014-05-07 14:54:00,21.88,21.88,21.88,21.88,500
"412",2014-05-07 15:19:00,21.87,21.87,21.84,21.84,1777
"413",2014-05-07 15:23:00,21.85,21.85,21.84,21.84,3900
"414",2014-05-07 15:41:00,21.86,21.86,21.86,21.86,100
"415",2014-05-07 15:50:00,21.87,21.87,21.87,21.87,100
"416",2014-05-07 15:51:00,21.88,21.8899,21.88,21.8899,200
"417",2014-05-07 15:55:00,21.8799,21.8799,21.8799,21.8799,1400
"418",2014-05-07 15:57:00,21.88,21.88,21.88,21.88,100
"419",2014-05-08 09:30:00,21.91,21.91,21.9,21.9,338
"420",2014-05-08 09:48:00,21.9099,21.9099,21.9099,21.9099,230
"421",2014-05-08 09:49:00,21.9,21.9,21.9,21.9,100
"422",2014-05-08 09:56:00,21.89,21.89,21.89,21.89,300
"423",2014-05-08 09:59:00,21.88,21.88,21.88,21.88,1700
"424",2014-05-08 10:02:00,21.88,21.88,21.88,21.88,300
"425",2014-05-08 10:03:00,21.88,21.88,21.88,21.88,100
"426",2014-05-08 10:05:00,21.89,21.89,21.89,21.89,100
"427",2014-05-08 10:07:00,21.88,21.88,21.88,21.88,300
"428",2014-05-08 10:09:00,21.88,21.88,21.88,21.88,100
"429",2014-05-08 10:11:00,21.88,21.88,21.88,21.88,100
"430",2014-05-08 10:12:00,21.88,21.8801,21.84,21.84,3200
"431",2014-05-08 10:14:00,21.85,21.85,21.85,21.85,100
"432",2014-05-08 10:15:00,21.8401,21.8401,21.8401,21.8401,200
"433",2014-05-08 10:16:00,21.84,21.84,21.84,21.84,200
"434",2014-05-08 10:17:00,21.85,21.85,21.85,21.85,100
"435",2014-05-08 10:18:00,21.85,21.85,21.85,21.85,100
"436",2014-05-08 10:22:00,21.84,21.84,21.84,21.84,400
"437",2014-05-08 10:25:00,21.84,21.84,21.84,21.84,200
"438",2014-05-08 10:31:00,21.84,21.84,21.84,21.84,300
"439",2014-05-08 10:35:00,21.83,21.83,21.83,21.83,100
"440",2014-05-08 10:36:00,21.83,21.83,21.83,21.83,300
"441",2014-05-08 10:37:00,21.83,21.83,21.83,21.83,100
"442",2014-05-08 10:38:00,21.83,21.83,21.83,21.83,100
"443",2014-05-08 10:40:00,21.83,21.83,21.83,21.83,100
"444",2014-05-08 10:41:00,21.84,21.84,21.84,21.84,1200
"445",2014-05-08 10:43:00,21.84,21.84,21.83,21.83,462
"446",2014-05-08 10:44:00,21.8486,21.849,21.8486,21.849,2200
"447",2014-05-08 10:46:00,21.8499,21.85,21.8499,21.85,2000
"448",2014-05-08 10:47:00,21.85,21.85,21.85,21.85,200
"449",2014-05-08 10:49:00,21.84,21.84,21.84,21.84,300
"450",2014-05-08 10:51:00,21.83,21.8301,21.83,21.8301,1000
"451",2014-05-08 10:54:00,21.84,21.84,21.84,21.84,200
"452",2014-05-08 11:00:00,21.83,21.83,21.83,21.83,200
"453",2014-05-08 11:02:00,21.84,21.84,21.84,21.84,247
"454",2014-05-08 11:03:00,21.83,21.83,21.83,21.83,200
"455",2014-05-08 11:07:00,21.83,21.83,21.8202,21.83,1500
"456",2014-05-08 11:09:00,21.83,21.83,21.83,21.83,200
"457",2014-05-08 11:11:00,21.8399,21.84,21.8399,21.84,2400
"458",2014-05-08 11:13:00,21.84,21.84,21.84,21.84,200
"459",2014-05-08 11:19:00,21.83,21.83,21.83,21.83,200
"460",2014-05-08 11:21:00,21.83,21.83,21.8299,21.83,2700
"461",2014-05-08 11:25:00,21.82,21.82,21.82,21.82,600
"462",2014-05-08 11:26:00,21.83,21.83,21.83,21.83,200
"463",2014-05-08 11:29:00,21.83,21.83,21.83,21.83,200
"464",2014-05-08 11:31:00,21.83,21.83,21.83,21.83,100
"465",2014-05-08 11:34:00,21.8399,21.8399,21.8399,21.8399,500
"466",2014-05-08 11:35:00,21.84,21.84,21.84,21.84,300
"467",2014-05-08 11:46:00,21.84,21.84,21.84,21.84,100
"468",2014-05-08 11:47:00,21.84,21.84,21.84,21.84,600
"469",2014-05-08 11:49:00,21.85,21.85,21.85,21.85,600
"470",2014-05-08 11:50:00,21.86,21.86,21.86,21.86,200
"471",2014-05-08 11:56:00,21.8621,21.8621,21.8621,21.8621,100
"472",2014-05-08 12:01:00,21.86,21.86,21.86,21.86,100
"473",2014-05-08 12:03:00,21.85,21.85,21.85,21.85,100
"474",2014-05-08 12:06:00,21.85,21.85,21.85,21.85,100
"475",2014-05-08 12:09:00,21.85,21.85,21.85,21.85,200
"476",2014-05-08 12:10:00,21.86,21.86,21.86,21.86,2500
"477",2014-05-08 12:15:00,21.85,21.85,21.85,21.85,200
"478",2014-05-08 12:21:00,21.85,21.85,21.85,21.85,100
"479",2014-05-08 12:25:00,21.85,21.85,21.85,21.85,100
"480",2014-05-08 12:28:00,21.84,21.84,21.84,21.84,500
"481",2014-05-08 12:29:00,21.84,21.84,21.84,21.84,100
"482",2014-05-08 12:31:00,21.84,21.84,21.84,21.84,100
"483",2014-05-08 12:33:00,21.84,21.84,21.84,21.84,100
"484",2014-05-08 12:35:00,21.84,21.84,21.84,21.84,100
"485",2014-05-08 12:37:00,21.84,21.84,21.84,21.84,100
"486",2014-05-08 12:39:00,21.84,21.84,21.84,21.84,100
"487",2014-05-08 12:41:00,21.84,21.84,21.84,21.84,100
"488",2014-05-08 12:43:00,21.84,21.84,21.84,21.84,100
"489",2014-05-08 12:45:00,21.84,21.84,21.84,21.84,100
"490",2014-05-08 12:47:00,21.84,21.84,21.84,21.84,100
"491",2014-05-08 12:49:00,21.84,21.84,21.84,21.84,100
"492",2014-05-08 12:51:00,21.84,21.84,21.84,21.84,100
"493",2014-05-08 12:53:00,21.84,21.84,21.84,21.84,100
"494",2014-05-08 12:56:00,21.83,21.83,21.825,21.83,1200
"495",2014-05-08 12:58:00,21.83,21.83,21.83,21.83,100
"496",2014-05-08 12:59:00,21.83,21.83,21.83,21.83,100
"497",2014-05-08 13:02:00,21.83,21.8328,21.83,21.8328,400
"498",2014-05-08 13:04:00,21.83,21.83,21.83,21.83,100
"499",2014-05-08 13:06:00,21.835,21.8399,21.835,21.8399,600
"500",2014-05-08 13:10:00,21.83,21.83,21.83,21.83,100
"501",2014-05-08 13:14:00,21.83,21.83,21.83,21.83,100
"502",2014-05-08 13:18:00,21.83,21.83,21.83,21.83,100
"503",2014-05-08 13:20:00,21.83,21.83,21.83,21.83,100
"504",2014-05-08 13:23:00,21.83,21.83,21.83,21.83,1000
"505",2014-05-08 13:24:00,21.83,21.83,21.83,21.83,100
"506",2014-05-08 13:26:00,21.83,21.83,21.83,21.83,100
"507",2014-05-08 13:28:00,21.83,21.83,21.83,21.83,100
"508",2014-05-08 13:30:00,21.83,21.83,21.83,21.83,100
"509",2014-05-08 13:32:00,21.83,21.83,21.83,21.83,100
"510",2014-05-08 13:35:00,21.83,21.83,21.83,21.83,100
"511",2014-05-08 13:36:00,21.83,21.83,21.83,21.83,100
"512",2014-05-08 13:38:00,21.84,21.84,21.83,21.83,200
"513",2014-05-08 13:41:00,21.83,21.83,21.83,21.83,100
"514",2014-05-08 13:42:00,21.83,21.83,21.83,21.83,100
"515",2014-05-08 13:45:00,21.83,21.83,21.83,21.83,100
"516",2014-05-08 13:46:00,21.83,21.83,21.83,21.83,100
"517",2014-05-08 13:48:00,21.83,21.83,21.83,21.83,100
"518",2014-05-08 13:50:00,21.83,21.83,21.83,21.83,100
"519",2014-05-08 13:52:00,21.83,21.83,21.83,21.83,100
"520",2014-05-08 13:54:00,21.83,21.83,21.83,21.83,100
"521",2014-05-08 13:56:00,21.838,21.838,21.83,21.83,247
"522",2014-05-08 13:58:00,21.83,21.83,21.83,21.83,100
"523",2014-05-08 14:00:00,21.83,21.83,21.83,21.83,100
"524",2014-05-08 14:02:00,21.83,21.83,21.83,21.83,100
"525",2014-05-08 14:04:00,21.83,21.83,21.83,21.83,100
"526",2014-05-08 14:06:00,21.83,21.83,21.83,21.83,100
"527",2014-05-08 14:08:00,21.83,21.83,21.83,21.83,100
"528",2014-05-08 14:10:00,21.83,21.83,21.83,21.83,100
"529",2014-05-08 14:11:00,21.83,21.83,21.83,21.83,2600
"530",2014-05-08 14:13:00,21.83,21.83,21.83,21.83,100
"531",2014-05-08 14:15:00,21.83,21.83,21.83,21.83,100
"532",2014-05-08 14:17:00,21.83,21.83,21.83,21.83,100
"533",2014-05-08 14:19:00,21.83,21.83,21.83,21.83,100
"534",2014-05-08 14:20:00,21.83,21.83,21.83,21.83,100
"535",2014-05-08 14:22:00,21.83,21.83,21.83,21.83,100
"536",2014-05-08 14:24:00,21.83,21.83,21.83,21.83,100
"537",2014-05-08 14:26:00,21.83,21.83,21.83,21.83,100
"538",2014-05-08 14:28:00,21.83,21.83,21.83,21.83,100
"539",2014-05-08 14:29:00,21.83,21.83,21.83,21.83,100
"540",2014-05-08 14:31:00,21.83,21.83,21.83,21.83,100
"541",2014-05-08 14:33:00,21.83,21.83,21.83,21.83,100
"542",2014-05-08 14:35:00,21.83,21.83,21.83,21.83,100
"543",2014-05-08 14:37:00,21.83,21.83,21.83,21.83,100
"544",2014-05-08 14:38:00,21.83,21.83,21.83,21.83,100
"545",2014-05-08 14:40:00,21.83,21.83,21.83,21.83,100
"546",2014-05-08 14:42:00,21.83,21.83,21.83,21.83,200
"547",2014-05-08 14:43:00,21.83,21.83,21.83,21.83,100
"548",2014-05-08 14:45:00,21.83,21.83,21.83,21.83,100
"549",2014-05-08 14:47:00,21.83,21.83,21.83,21.83,100
"550",2014-05-08 14:48:00,21.83,21.83,21.83,21.83,100
"551",2014-05-08 14:50:00,21.83,21.83,21.83,21.83,100
"552",2014-05-08 14:52:00,21.83,21.83,21.83,21.83,2600
"553",2014-05-08 14:53:00,21.83,21.83,21.83,21.83,100
"554",2014-05-08 14:55:00,21.83,21.83,21.83,21.83,100
"555",2014-05-08 14:56:00,21.83,21.83,21.83,21.83,100
"556",2014-05-08 14:58:00,21.83,21.83,21.83,21.83,100
"557",2014-05-08 15:00:00,21.83,21.83,21.83,21.83,2600
"558",2014-05-08 15:01:00,21.83,21.83,21.83,21.83,100
"559",2014-05-08 15:02:00,21.8301,21.8301,21.8301,21.8301,200
"560",2014-05-08 15:03:00,21.83,21.83,21.83,21.83,200
"561",2014-05-08 15:04:00,21.83,21.83,21.83,21.83,100
"562",2014-05-08 15:05:00,21.8301,21.832,21.83,21.832,457
"563",2014-05-08 15:06:00,21.83,21.83,21.83,21.83,100
"564",2014-05-08 15:07:00,21.83,21.83,21.83,21.83,100
"565",2014-05-08 15:08:00,21.83,21.83,21.82,21.82,1050
"566",2014-05-08 15:12:00,21.82,21.82,21.82,21.82,100
"567",2014-05-08 15:15:00,21.82,21.82,21.82,21.82,400
"568",2014-05-08 15:20:00,21.82,21.82,21.82,21.82,350
"569",2014-05-08 15:25:00,21.82,21.82,21.82,21.82,100
"570",2014-05-08 15:26:00,21.82,21.82,21.82,21.82,100
"571",2014-05-08 15:27:00,21.82,21.82,21.82,21.82,100
"572",2014-05-08 15:28:00,21.82,21.82,21.82,21.82,900
"573",2014-05-08 15:29:00,21.82,21.82,21.82,21.82,100
"574",2014-05-08 15:30:00,21.82,21.82,21.82,21.82,400
"575",2014-05-08 15:34:00,21.82,21.82,21.82,21.82,100
"576",2014-05-08 15:35:00,21.82,21.82,21.82,21.82,100
"577",2014-05-08 15:36:00,21.82,21.821,21.82,21.82,2100
"578",2014-05-08 15:37:00,21.82,21.82,21.82,21.82,100
"579",2014-05-08 15:38:00,21.82,21.82,21.82,21.82,100
"580",2014-05-08 15:39:00,21.82,21.82,21.82,21.82,200
"581",2014-05-08 15:40:00,21.82,21.82,21.82,21.82,100
"582",2014-05-08 15:41:00,21.82,21.82,21.82,21.82,600
"583",2014-05-08 15:42:00,21.82,21.82,21.82,21.82,100
"584",2014-05-08 15:43:00,21.82,21.82,21.82,21.82,200
"585",2014-05-08 15:44:00,21.82,21.82,21.82,21.82,100
"586",2014-05-08 15:45:00,21.82,21.82,21.82,21.82,100
"587",2014-05-08 15:46:00,21.82,21.82,21.82,21.82,2008
"588",2014-05-08 15:47:00,21.82,21.8253,21.82,21.8253,400
"589",2014-05-08 15:48:00,21.82,21.82,21.82,21.82,100
"590",2014-05-08 15:49:00,21.82,21.82,21.82,21.82,200
"591",2014-05-08 15:50:00,21.82,21.82,21.82,21.82,100
"592",2014-05-08 15:51:00,21.82,21.82,21.82,21.82,200
"593",2014-05-08 15:52:00,21.82,21.82,21.82,21.82,100
"594",2014-05-08 15:53:00,21.82,21.82,21.82,21.82,200
"595",2014-05-08 15:54:00,21.82,21.82,21.82,21.82,100
"596",2014-05-08 15:55:00,21.82,21.82,21.82,21.82,200
"597",2014-05-08 15:56:00,21.83,21.83,21.82,21.82,500
"598",2014-05-08 15:57:00,21.82,21.82,21.82,21.82,100
"599",2014-05-08 15:59:00,21.82,21.82,21.81,21.81,2829
"600",2014-05-09 09:30:00,21.9,21.9,21.9,21.9,100
"601",2014-05-09 09:37:00,21.88,21.88,21.88,21.88,200
"602",2014-05-09 10:02:00,21.85,21.85,21.85,21.85,100
"603",2014-05-09 10:29:00,21.8799,21.8799,21.8799,21.8799,215
"604",2014-05-09 10:38:00,21.87,21.87,21.87,21.87,100
"605",2014-05-09 10:44:00,21.8596,21.86,21.8596,21.86,600
"606",2014-05-09 11:10:00,21.852,21.852,21.852,21.852,100
"607",2014-05-09 11:29:00,21.8501,21.88,21.8501,21.88,300
"608",2014-05-09 11:41:00,21.866,21.88,21.866,21.88,500
"609",2014-05-09 12:04:00,21.8899,21.8899,21.8899,21.8899,160
"610",2014-05-09 12:30:00,21.8701,21.8701,21.8701,21.8701,392
"611",2014-05-09 12:31:00,21.87,21.879,21.87,21.879,1000
"612",2014-05-09 12:32:00,21.87,21.87,21.87,21.87,457
"613",2014-05-09 12:53:00,21.88,21.88,21.88,21.88,300
"614",2014-05-09 12:59:00,21.88,21.8801,21.88,21.8801,220
"615",2014-05-09 13:10:00,21.9,21.9,21.9,21.9,800
"616",2014-05-09 13:26:00,21.91,21.91,21.91,21.91,100
"617",2014-05-09 13:38:00,21.89,21.9,21.89,21.9,300
"618",2014-05-09 13:53:00,21.9,21.9,21.9,21.9,100
"619",2014-05-09 14:08:00,21.88,21.88,21.87,21.88,970
"620",2014-05-09 14:09:00,21.88,21.88,21.87,21.87,300
"621",2014-05-09 14:10:00,21.89,21.89,21.89,21.89,200
"622",2014-05-09 14:15:00,21.879,21.88,21.879,21.88,600
"623",2014-05-09 14:43:00,21.8755,21.88,21.8755,21.88,1700
"624",2014-05-09 14:44:00,21.88,21.88,21.87,21.87,1060
"625",2014-05-09 14:48:00,21.86,21.87,21.86,21.87,200
"626",2014-05-09 14:53:00,21.8501,21.87,21.85,21.87,1280
"627",2014-05-09 14:54:00,21.87,21.87,21.87,21.87,200
"628",2014-05-09 15:03:00,21.87,21.88,21.87,21.88,200
"629",2014-05-09 15:19:00,21.8501,21.88,21.8501,21.88,471
"630",2014-05-09 15:35:00,21.8699,21.87,21.8699,21.87,300
"631",2014-05-09 15:44:00,21.88,21.88,21.88,21.88,500
"632",2014-05-09 15:45:00,21.88,21.88,21.88,21.88,700
"633",2014-05-09 15:47:00,21.88,21.88,21.8764,21.88,1090
"634",2014-05-09 15:51:00,21.874,21.88,21.874,21.88,425
"635",2014-05-09 15:52:00,21.8503,21.87,21.8503,21.87,200
"636",2014-05-09 15:56:00,21.86,21.86,21.86,21.86,100
"637",2014-05-09 15:59:00,21.86,21.86,21.85,21.86,793
"638",2014-05-12 09:30:00,22.19,22.19,22.19,22.19,200
"639",2014-05-12 09:31:00,22.2,22.2,22.2,22.2,1100
"640",2014-05-12 09:32:00,22.24,22.24,22.2,22.2,400
"641",2014-05-12 09:33:00,22.22,22.22,22.22,22.22,200
"642",2014-05-12 09:39:00,22.24,22.24,22.24,22.24,200
"643",2014-05-12 09:40:00,22.25,22.27,22.25,22.27,900
"644",2014-05-12 09:42:00,22.27,22.27,22.27,22.27,100
"645",2014-05-12 09:48:00,22.28,22.28,22.2755,22.2755,1000
"646",2014-05-12 09:49:00,22.28,22.295,22.2793,22.2793,9100
"647",2014-05-12 09:51:00,22.3,22.3,22.27,22.28,1300
"648",2014-05-12 09:52:00,22.29,22.29,22.2891,22.2891,200
"649",2014-05-12 09:57:00,22.27,22.2702,22.27,22.2702,2100
"650",2014-05-12 09:58:00,22.2899,22.2899,22.2899,22.2899,180
"651",2014-05-12 09:59:00,22.2836,22.2836,22.2836,22.2836,200
"652",2014-05-12 10:00:00,22.2962,22.2962,22.2962,22.2962,700
"653",2014-05-12 10:04:00,22.29,22.29,22.289,22.289,200
"654",2014-05-12 10:07:00,22.29,22.2901,22.2896,22.2901,330
"655",2014-05-12 10:08:00,22.3,22.3,22.3,22.3,100
"656",2014-05-12 10:09:00,22.3099,22.3099,22.3099,22.3099,500
"657",2014-05-12 10:10:00,22.31,22.3251,22.3099,22.3251,1500
"658",2014-05-12 10:11:00,22.329,22.329,22.328,22.328,5000
"659",2014-05-12 10:13:00,22.31,22.31,22.3099,22.3099,900
"660",2014-05-12 10:15:00,22.31,22.31,22.3096,22.3096,1800
"661",2014-05-12 10:19:00,22.3199,22.32,22.31,22.32,900
"662",2014-05-12 10:21:00,22.3296,22.3296,22.3296,22.3296,100
"663",2014-05-12 10:28:00,22.32,22.33,22.32,22.33,1700
"664",2014-05-12 10:32:00,22.33,22.34,22.33,22.33,5300
"665",2014-05-12 10:33:00,22.33,22.33,22.33,22.33,800
"666",2014-05-12 10:34:00,22.33,22.34,22.3299,22.3299,23700
"667",2014-05-12 10:35:00,22.33,22.34,22.33,22.34,300
"668",2014-05-12 10:36:00,22.33,22.34,22.33,22.33,500
"669",2014-05-12 10:37:00,22.33,22.34,22.33,22.33,500
"670",2014-05-12 10:38:00,22.34,22.34,22.34,22.34,400
"671",2014-05-12 10:39:00,22.34,22.34,22.34,22.34,400
"672",2014-05-12 10:40:00,22.33,22.34,22.3201,22.3201,600
"673",2014-05-12 10:41:00,22.33,22.34,22.33,22.34,300
"674",2014-05-12 10:42:00,22.33,22.34,22.33,22.34,300
"675",2014-05-12 10:43:00,22.33,22.34,22.33,22.34,300
"676",2014-05-12 10:44:00,22.336,22.35,22.32,22.32,1700
"677",2014-05-12 10:45:00,22.339,22.349,22.339,22.349,3091
"678",2014-05-12 10:46:00,22.34,22.34,22.34,22.34,500
"679",2014-05-12 10:47:00,22.34,22.34,22.34,22.34,500
"680",2014-05-12 10:48:00,22.34,22.34,22.34,22.34,500
"681",2014-05-12 10:49:00,22.34,22.34,22.34,22.34,500
"682",2014-05-12 10:50:00,22.34,22.34,22.34,22.34,500
"683",2014-05-12 10:51:00,22.33,22.34,22.33,22.34,300
"684",2014-05-12 10:52:00,22.33,22.33,22.33,22.33,500
"685",2014-05-12 10:53:00,22.33,22.33,22.33,22.33,400
"686",2014-05-12 10:55:00,22.33,22.33,22.33,22.33,400
"687",2014-05-12 10:56:00,22.33,22.33,22.33,22.33,300
"688",2014-05-12 10:57:00,22.33,22.33,22.33,22.33,300
"689",2014-05-12 10:58:00,22.33,22.33,22.33,22.33,300
"690",2014-05-12 10:59:00,22.33,22.33,22.33,22.33,300
"691",2014-05-12 11:00:00,22.33,22.33,22.33,22.33,300
"692",2014-05-12 11:01:00,22.33,22.33,22.33,22.33,300
"693",2014-05-12 11:02:00,22.33,22.34,22.33,22.34,1200
"694",2014-05-12 11:03:00,22.35,22.35,22.345,22.345,1400
"695",2014-05-12 11:04:00,22.35,22.35,22.35,22.35,700
"696",2014-05-12 11:05:00,22.35,22.35,22.35,22.35,300
"697",2014-05-12 11:06:00,22.35,22.35,22.35,22.35,300
"698",2014-05-12 11:07:00,22.35,22.35,22.35,22.35,300
"699",2014-05-12 11:08:00,22.35,22.35,22.35,22.35,300
"700",2014-05-12 11:09:00,22.35,22.35,22.35,22.35,400
"701",2014-05-12 11:10:00,22.35,22.35,22.35,22.35,400
"702",2014-05-12 11:11:00,22.35,22.35,22.35,22.35,300
"703",2014-05-12 11:12:00,22.35,22.35,22.3499,22.35,2000
"704",2014-05-12 11:13:00,22.35,22.35,22.35,22.35,300
"705",2014-05-12 11:14:00,22.35,22.35,22.35,22.35,300
"706",2014-05-12 11:15:00,22.35,22.35,22.35,22.35,300
"707",2014-05-12 11:16:00,22.35,22.35,22.349,22.35,1300
"708",2014-05-12 11:17:00,22.35,22.35,22.35,22.35,300
"709",2014-05-12 11:19:00,22.35,22.35,22.35,22.35,600
"710",2014-05-12 11:20:00,22.35,22.37,22.35,22.37,1600
"711",2014-05-12 11:31:00,22.35,22.35,22.35,22.35,300
"712",2014-05-12 11:54:00,22.36,22.36,22.36,22.36,100
"713",2014-05-12 12:02:00,22.35,22.36,22.35,22.36,400
"714",2014-05-12 12:05:00,22.34,22.36,22.34,22.36,1000
"715",2014-05-12 12:18:00,22.35,22.35,22.35,22.35,300
"716",2014-05-12 12:19:00,22.36,22.36,22.36,22.36,200
"717",2014-05-12 12:22:00,22.3501,22.3501,22.3501,22.3501,100
"718",2014-05-12 12:28:00,22.35,22.3501,22.3401,22.3401,600
"719",2014-05-12 12:29:00,22.34,22.36,22.34,22.36,2300
"720",2014-05-12 12:30:00,22.359,22.36,22.359,22.36,250
"721",2014-05-12 12:50:00,22.341,22.341,22.341,22.341,100
"722",2014-05-12 12:51:00,22.35,22.35,22.35,22.35,100
"723",2014-05-12 12:55:00,22.3401,22.3401,22.3401,22.3401,1094
"724",2014-05-12 12:56:00,22.35,22.35,22.35,22.35,300
"725",2014-05-12 12:57:00,22.35,22.35,22.35,22.35,100
"726",2014-05-12 12:58:00,22.341,22.35,22.341,22.35,1452
"727",2014-05-12 12:59:00,22.35,22.35,22.35,22.35,300
"728",2014-05-12 13:00:00,22.341,22.35,22.331,22.35,7378
"729",2014-05-12 13:02:00,22.35,22.35,22.35,22.35,400
"730",2014-05-12 13:03:00,22.35,22.35,22.35,22.35,300
"731",2014-05-12 13:04:00,22.35,22.35,22.35,22.35,300
"732",2014-05-12 13:05:00,22.34,22.35,22.34,22.35,2300
"733",2014-05-12 13:06:00,22.35,22.35,22.3499,22.35,700
"734",2014-05-12 13:07:00,22.35,22.35,22.35,22.35,300
"735",2014-05-12 13:08:00,22.35,22.35,22.35,22.35,300
"736",2014-05-12 13:09:00,22.35,22.36,22.35,22.36,200
"737",2014-05-12 13:10:00,22.35,22.36,22.35,22.36,300
"738",2014-05-12 13:11:00,22.35,22.36,22.35,22.36,300
"739",2014-05-12 13:12:00,22.35,22.35,22.35,22.35,500
"740",2014-05-12 13:18:00,22.35,22.35,22.35,22.35,700
"741",2014-05-12 13:41:00,22.34,22.34,22.33,22.34,1000
"742",2014-05-12 13:45:00,22.3305,22.35,22.311,22.35,2400
"743",2014-05-12 13:46:00,22.35,22.36,22.35,22.36,200
"744",2014-05-12 13:47:00,22.36,22.36,22.36,22.36,200
"745",2014-05-12 13:56:00,22.3396,22.3396,22.3396,22.3396,100
"746",2014-05-12 14:01:00,22.3105,22.36,22.3105,22.36,244
"747",2014-05-12 14:14:00,22.3599,22.3599,22.3599,22.3599,134
"748",2014-05-12 14:33:00,22.3594,22.36,22.3579,22.36,1480
"749",2014-05-12 14:36:00,22.3596,22.3596,22.3596,22.3596,100
"750",2014-05-12 14:37:00,22.34,22.36,22.34,22.36,500
"751",2014-05-12 14:45:00,22.3599,22.36,22.3599,22.36,500
"752",2014-05-12 14:53:00,22.3301,22.36,22.3301,22.36,250
"753",2014-05-12 15:07:00,22.33,22.3599,22.33,22.3599,405
"754",2014-05-12 15:08:00,22.35,22.35,22.35,22.35,100
"755",2014-05-12 15:25:00,22.3699,22.37,22.3699,22.37,2051
"756",2014-05-12 15:26:00,22.37,22.37,22.37,22.37,500
"757",2014-05-12 15:28:00,22.38,22.38,22.38,22.38,200
"758",2014-05-12 15:34:00,22.3892,22.39,22.3892,22.39,1300
"759",2014-05-12 15:54:00,22.37,22.39,22.37,22.38,500
"760",2014-05-12 15:56:00,22.3701,22.39,22.3701,22.39,500
"761",2014-05-12 15:57:00,22.39,22.39,22.39,22.39,300
"762",2014-05-13 09:30:00,22.31,22.31,22.31,22.31,1765
"763",2014-05-13 09:32:00,22.28,22.28,22.28,22.28,1200
"764",2014-05-13 09:37:00,22.29,22.29,22.29,22.29,500
"765",2014-05-13 09:39:00,22.2899,22.2899,22.2899,22.2899,200
"766",2014-05-13 09:43:00,22.25,22.2501,22.25,22.25,1060
"767",2014-05-13 09:47:00,22.251,22.251,22.251,22.251,100
"768",2014-05-13 09:49:00,22.25,22.25,22.25,22.25,200
"769",2014-05-13 09:53:00,22.2501,22.2501,22.2501,22.2501,100
"770",2014-05-13 09:55:00,22.2557,22.2557,22.2557,22.2557,100
"771",2014-05-13 10:06:00,22.25,22.2501,22.25,22.2501,6000
"772",2014-05-13 10:09:00,22.25,22.25,22.25,22.25,100
"773",2014-05-13 10:10:00,22.26,22.29,22.26,22.29,2400
"774",2014-05-13 10:11:00,22.2501,22.2501,22.2501,22.2501,800
"775",2014-05-13 10:15:00,22.2501,22.2501,22.2501,22.2501,200
"776",2014-05-13 10:19:00,22.25,22.25,22.25,22.25,100
"777",2014-05-13 10:22:00,22.2599,22.2599,22.2599,22.2599,300
"778",2014-05-13 10:24:00,22.2554,22.2554,22.2554,22.2554,100
"779",2014-05-13 10:34:00,22.25,22.25,22.25,22.25,400
"780",2014-05-13 10:39:00,22.2499,22.2499,22.2481,22.2481,1200
"781",2014-05-13 10:41:00,22.2445,22.2445,22.2445,22.2445,500
"782",2014-05-13 10:43:00,22.25,22.25,22.25,22.25,2400
"783",2014-05-13 10:44:00,22.26,22.26,22.26,22.26,1600
"784",2014-05-13 10:51:00,22.27,22.27,22.27,22.27,450
"785",2014-05-13 11:08:00,22.28,22.28,22.28,22.28,500
"786",2014-05-13 11:10:00,22.27,22.27,22.27,22.27,200
"787",2014-05-13 11:32:00,22.27,22.2701,22.27,22.2701,774
"788",2014-05-13 11:36:00,22.2751,22.2751,22.2751,22.2751,500
"789",2014-05-13 11:39:00,22.28,22.31,22.28,22.31,3300
"790",2014-05-13 11:41:00,22.3,22.3,22.3,22.3,200
"791",2014-05-13 11:47:00,22.3019,22.3019,22.3,22.3,2485
"792",2014-05-13 12:27:00,22.3099,22.3099,22.3099,22.3099,300
"793",2014-05-13 12:49:00,22.3001,22.3001,22.3001,22.3001,100
"794",2014-05-13 13:08:00,22.309,22.31,22.308,22.31,1400
"795",2014-05-13 14:01:00,22.3065,22.31,22.3065,22.31,1066
"796",2014-05-13 14:02:00,22.31,22.31,22.31,22.31,100
"797",2014-05-13 14:06:00,22.3025,22.31,22.3025,22.31,1956
"798",2014-05-13 14:07:00,22.31,22.31,22.31,22.31,400
"799",2014-05-13 14:44:00,22.3045,22.31,22.3045,22.31,400
"800",2014-05-13 14:52:00,22.31,22.31,22.31,22.31,300
"801",2014-05-13 14:53:00,22.31,22.31,22.31,22.31,100
"802",2014-05-13 15:01:00,22.3099,22.31,22.3099,22.31,260
"803",2014-05-13 15:03:00,22.309,22.31,22.309,22.31,200
"804",2014-05-13 15:06:00,22.31,22.32,22.31,22.32,700
"805",2014-05-13 15:39:00,22.31,22.31,22.31,22.31,100
"806",2014-05-13 15:43:00,22.31,22.31,22.31,22.31,100
"807",2014-05-13 15:46:00,22.301,22.301,22.301,22.301,100
"808",2014-05-13 15:48:00,22.3099,22.31,22.3099,22.31,700
"809",2014-05-13 15:51:00,22.31,22.31,22.3054,22.31,800
"810",2014-05-13 15:53:00,22.3099,22.3099,22.3099,22.3099,100
"811",2014-05-13 15:57:00,22.31,22.31,22.31,22.31,200
"812",2014-05-13 15:59:00,22.31,22.31,22.31,22.31,400
"813",2014-05-14 09:30:00,22.27,22.4,22.25,22.28,4025
"814",2014-05-14 09:35:00,22.29,22.29,22.29,22.29,800
"815",2014-05-14 09:36:00,22.28,22.28,22.28,22.28,100
"816",2014-05-14 09:38:00,22.2998,22.2998,22.29,22.29,1055
"817",2014-05-14 09:40:00,22.28,22.29,22.28,22.28,1600
"818",2014-05-14 09:50:00,22.26,22.26,22.255,22.2599,300
"819",2014-05-14 09:51:00,22.252,22.252,22.252,22.252,1000
"820",2014-05-14 10:01:00,22.2899,22.2899,22.2899,22.2899,100
"821",2014-05-14 10:13:00,22.26,22.26,22.26,22.26,2500
"822",2014-05-14 10:17:00,22.2699,22.2699,22.2699,22.2699,200
"823",2014-05-14 10:27:00,22.27,22.27,22.27,22.27,300
"824",2014-05-14 10:50:00,22.28,22.28,22.28,22.28,150
"825",2014-05-14 10:56:00,22.28,22.33,22.28,22.33,359700
"826",2014-05-14 10:57:00,22.28,22.28,22.28,22.28,200
"827",2014-05-14 10:58:00,22.295,22.3,22.295,22.295,1000
"828",2014-05-14 10:59:00,22.295,22.3007,22.29,22.2914,3700
"829",2014-05-14 11:00:00,22.29,22.3,22.29,22.3,300
"830",2014-05-14 11:01:00,22.3,22.3,22.3,22.3,100
"831",2014-05-14 11:02:00,22.3,22.3,22.3,22.3,600
"832",2014-05-14 11:03:00,22.3,22.3,22.3,22.3,500
"833",2014-05-14 11:05:00,22.3,22.3,22.3,22.3,100
"834",2014-05-14 11:06:00,22.2974,22.3,22.2974,22.3,771
"835",2014-05-14 11:07:00,22.3001,22.3001,22.2901,22.2901,1350
"836",2014-05-14 11:08:00,22.3,22.3,22.3,22.3,100
"837",2014-05-14 11:09:00,22.3,22.3,22.3,22.3,100
"838",2014-05-14 11:10:00,22.3099,22.3099,22.3099,22.3099,355
"839",2014-05-14 11:24:00,22.32,22.32,22.31,22.31,500
"840",2014-05-14 11:45:00,22.3201,22.3201,22.3201,22.3201,500
"841",2014-05-14 12:02:00,22.3201,22.3201,22.3201,22.3201,2000
"842",2014-05-14 12:04:00,22.33,22.33,22.3299,22.33,4100
"843",2014-05-14 12:09:00,22.33,22.33,22.33,22.33,200
"844",2014-05-14 12:11:00,22.33,22.33,22.33,22.33,100
"845",2014-05-14 12:16:00,22.3499,22.3499,22.3499,22.3499,1000
"846",2014-05-14 12:17:00,22.33,22.33,22.33,22.33,300
"847",2014-05-14 12:18:00,22.33,22.33,22.33,22.33,300
"848",2014-05-14 12:29:00,22.34,22.34,22.3201,22.3201,1000
"849",2014-05-14 12:37:00,22.34,22.34,22.34,22.34,300
"850",2014-05-14 12:38:00,22.32,22.32,22.32,22.32,200
"851",2014-05-14 12:39:00,22.32,22.32,22.32,22.32,850
"852",2014-05-14 12:48:00,22.3199,22.3199,22.3199,22.3199,100
"853",2014-05-14 12:52:00,22.32,22.32,22.32,22.32,200
"854",2014-05-14 13:10:00,22.32,22.32,22.32,22.32,100
"855",2014-05-14 13:17:00,22.33,22.33,22.33,22.33,200
"856",2014-05-14 13:18:00,22.349,22.349,22.349,22.349,500
"857",2014-05-14 13:21:00,22.349,22.349,22.349,22.349,2000
"858",2014-05-14 14:00:00,22.33,22.33,22.33,22.33,1200
"859",2014-05-14 14:14:00,22.3307,22.3307,22.3307,22.3307,100
"860",2014-05-14 14:16:00,22.34,22.34,22.34,22.34,100
"861",2014-05-14 14:17:00,22.33,22.33,22.33,22.33,700
"862",2014-05-14 14:18:00,22.33,22.33,22.33,22.33,430
"863",2014-05-14 14:20:00,22.33,22.33,22.33,22.33,900
"864",2014-05-14 14:21:00,22.33,22.33,22.33,22.33,400
"865",2014-05-14 14:24:00,22.33,22.33,22.32,22.32,3458
"866",2014-05-14 14:31:00,22.3196,22.3196,22.3196,22.3196,1000
"867",2014-05-14 14:33:00,22.31,22.3101,22.31,22.3101,200
"868",2014-05-14 14:41:00,22.31,22.31,22.31,22.31,200
"869",2014-05-14 14:48:00,22.31,22.31,22.31,22.31,500
"870",2014-05-14 14:49:00,22.31,22.31,22.31,22.31,400
"871",2014-05-14 14:51:00,22.31,22.31,22.31,22.31,1200
"872",2014-05-14 14:58:00,22.31,22.31,22.31,22.31,100
"873",2014-05-14 15:02:00,22.31,22.31,22.31,22.31,1200
"874",2014-05-14 15:03:00,22.31,22.31,22.31,22.31,700
"875",2014-05-14 15:05:00,22.31,22.31,22.31,22.31,400
"876",2014-05-14 15:06:00,22.31,22.31,22.31,22.31,900
"877",2014-05-14 15:09:00,22.31,22.31,22.3012,22.31,5300
"878",2014-05-14 15:11:00,22.31,22.3107,22.31,22.3107,700
"879",2014-05-14 15:30:00,22.31,22.31,22.31,22.31,14800
"880",2014-05-14 15:31:00,22.31,22.31,22.31,22.31,100
"881",2014-05-14 15:32:00,22.31,22.31,22.31,22.31,8245
"882",2014-05-14 15:33:00,22.31,22.31,22.31,22.31,500
"883",2014-05-14 15:34:00,22.31,22.31,22.305,22.305,700
"884",2014-05-14 15:35:00,22.305,22.305,22.29,22.29,2400
"885",2014-05-14 15:37:00,22.29,22.29,22.29,22.29,300
"886",2014-05-14 15:38:00,22.29,22.29,22.29,22.29,500
"887",2014-05-14 15:39:00,22.29,22.29,22.29,22.29,500
"888",2014-05-14 15:40:00,22.29,22.29,22.29,22.29,350
"889",2014-05-14 15:41:00,22.29,22.29,22.29,22.29,450
"890",2014-05-14 15:42:00,22.29,22.29,22.29,22.29,500
"891",2014-05-14 15:43:00,22.29,22.29,22.29,22.29,200
"892",2014-05-14 15:44:00,22.29,22.29,22.29,22.29,1000
"893",2014-05-14 15:45:00,22.29,22.29,22.29,22.29,800
"894",2014-05-14 15:46:00,22.29,22.29,22.29,22.29,800
"895",2014-05-14 15:47:00,22.29,22.29,22.29,22.29,300
"896",2014-05-14 15:57:00,22.29,22.29,22.26,22.2701,995
"897",2014-05-14 15:58:00,22.3,22.3,22.3,22.3,200
"898",2014-05-14 15:59:00,22.32,22.32,22.29,22.29,200
"899",2014-05-15 09:30:00,22.1,22.1,22.1,22.1,400
"900",2014-05-15 09:37:00,22.021,22.021,22.021,22.021,300
"901",2014-05-15 09:40:00,22,22,21.94,21.94,950
"902",2014-05-15 09:42:00,21.94,21.9401,21.94,21.9401,800
"903",2014-05-15 09:43:00,21.938,21.938,21.938,21.938,350
"904",2014-05-15 09:45:00,21.9696,21.9696,21.9696,21.9696,100
"905",2014-05-15 09:47:00,21.94,21.9401,21.94,21.9401,600
"906",2014-05-15 09:49:00,21.935,21.94,21.935,21.94,2000
"907",2014-05-15 09:50:00,21.935,21.935,21.935,21.935,200
"908",2014-05-15 09:51:00,21.9304,21.9304,21.9304,21.9304,2300
"909",2014-05-15 09:57:00,21.9392,21.9392,21.9392,21.9392,200
"910",2014-05-15 10:13:00,21.92,21.92,21.92,21.92,400
"911",2014-05-15 10:20:00,21.931,21.931,21.931,21.931,200
"912",2014-05-15 10:24:00,21.959,21.96,21.959,21.96,500
"913",2014-05-15 10:28:00,21.93,21.93,21.93,21.93,100
"914",2014-05-15 11:01:00,21.95,21.95,21.93,21.946,300
"915",2014-05-15 11:02:00,21.95,21.95,21.95,21.95,100
"916",2014-05-15 11:12:00,21.95,21.95,21.94,21.948,5200
"917",2014-05-15 11:37:00,21.93,21.93,21.93,21.93,1100
"918",2014-05-15 11:38:00,21.93,21.93,21.93,21.93,500
"919",2014-05-15 11:39:00,21.93,21.93,21.93,21.93,400
"920",2014-05-15 11:40:00,21.93,21.93,21.93,21.93,400
"921",2014-05-15 11:41:00,21.93,21.93,21.93,21.93,200
"922",2014-05-15 11:59:00,21.93,21.93,21.93,21.93,400
"923",2014-05-15 12:04:00,21.93,21.93,21.93,21.93,9900
"924",2014-05-15 12:06:00,21.93,21.93,21.93,21.93,200
"925",2014-05-15 12:07:00,21.93,21.93,21.93,21.93,200
"926",2014-05-15 12:08:00,21.93,21.93,21.93,21.93,100
"927",2014-05-15 12:15:00,21.92,21.92,21.92,21.92,300
"928",2014-05-15 12:16:00,21.91,21.9101,21.91,21.9101,500
"929",2014-05-15 12:17:00,21.92,21.92,21.92,21.92,120
"930",2014-05-15 12:25:00,21.9254,21.9254,21.9254,21.9254,400
"931",2014-05-15 12:34:00,21.9186,21.9186,21.9186,21.9186,350
"932",2014-05-15 12:35:00,21.91,21.91,21.91,21.91,100
"933",2014-05-15 12:36:00,21.91,21.91,21.91,21.91,100
"934",2014-05-15 12:37:00,21.92,21.92,21.92,21.92,200
"935",2014-05-15 12:42:00,21.9101,21.9101,21.9101,21.9101,300
"936",2014-05-15 12:44:00,21.9499,21.9499,21.9499,21.9499,235
"937",2014-05-15 13:05:00,21.949,21.95,21.949,21.95,1162
"938",2014-05-15 13:17:00,21.94,21.95,21.94,21.95,500
"939",2014-05-15 13:34:00,21.9477,21.9477,21.9477,21.9477,220
"940",2014-05-15 13:37:00,21.945,21.95,21.945,21.95,200
"941",2014-05-15 13:38:00,21.94,21.94,21.94,21.94,100
"942",2014-05-15 13:56:00,21.94,21.94,21.94,21.94,300
"943",2014-05-15 13:57:00,21.94,21.94,21.94,21.94,600
"944",2014-05-15 13:58:00,21.94,21.94,21.94,21.94,1500
"945",2014-05-15 13:59:00,21.94,21.94,21.94,21.94,100
"946",2014-05-15 14:01:00,21.932,21.932,21.93,21.932,2350
"947",2014-05-15 14:02:00,21.94,21.94,21.94,21.94,200
"948",2014-05-15 14:21:00,21.94,21.94,21.94,21.94,1096
"949",2014-05-15 14:24:00,21.94,21.94,21.94,21.94,828
"950",2014-05-15 14:26:00,21.95,21.95,21.95,21.95,200
"951",2014-05-15 14:28:00,21.939,21.939,21.939,21.939,250
"952",2014-05-15 14:52:00,21.93,21.93,21.92,21.92,2100
"953",2014-05-15 15:06:00,21.9488,21.9488,21.9488,21.9488,300
"954",2014-05-15 15:19:00,21.95,21.95,21.9499,21.9499,400
"955",2014-05-15 15:32:00,21.93,21.93,21.93,21.93,1000
"956",2014-05-15 15:37:00,21.95,21.95,21.95,21.95,400
"957",2014-05-15 15:48:00,21.95,22.02,21.95,22.02,800
"958",2014-05-15 15:57:00,21.92,21.92,21.92,21.92,100
"959",2014-05-15 15:58:00,21.93,21.93,21.93,21.93,100
"960",2014-05-15 15:59:00,21.92,21.93,21.92,21.93,370
"961",2014-05-16 09:30:00,21.85,21.85,21.85,21.85,100
"962",2014-05-16 09:36:00,21.87,21.87,21.87,21.87,550
"963",2014-05-16 10:15:00,21.89,21.89,21.89,21.89,200
"964",2014-05-16 10:17:00,21.9,21.92,21.9,21.92,700
"965",2014-05-16 10:18:00,21.95,21.97,21.95,21.97,500
"966",2014-05-16 10:45:00,22,22,22,22,100
"967",2014-05-16 11:11:00,22,22,22,22,300
"968",2014-05-16 11:17:00,22,22.03,21.9999,22.0299,2268
"969",2014-05-16 11:26:00,21.9922,21.9922,21.9922,21.9922,200
"970",2014-05-16 11:29:00,22.02,22.02,22.02,22.02,100
"971",2014-05-16 11:34:00,22.0234,22.05,22.0234,22.05,1900
"972",2014-05-16 11:35:00,22.0472,22.0472,22.0472,22.0472,500
"973",2014-05-16 11:36:00,22.05,22.06,22.05,22.0599,4485
"974",2014-05-16 11:39:00,22.0599,22.0599,22.0599,22.0599,210
"975",2014-05-16 11:43:00,22.0101,22.035,22.0101,22.035,2500
"976",2014-05-16 11:45:00,22.05,22.05,22.05,22.05,180
"977",2014-05-16 12:15:00,22.05,22.05,22.05,22.05,18856
"978",2014-05-16 12:16:00,22.05,22.05,22.05,22.05,18150
"979",2014-05-16 12:19:00,22.055,22.06,22.055,22.055,22768
"980",2014-05-16 12:21:00,22.065,22.07,22.065,22.07,15200
"981",2014-05-16 12:22:00,22.07,22.08,22.07,22.08,5984
"982",2014-05-16 12:23:00,22.075,22.075,22.075,22.075,100
"983",2014-05-16 12:40:00,22.0759,22.0759,22.071,22.071,450
"984",2014-05-16 12:48:00,22.07,22.07,22.05,22.05,1000
"985",2014-05-16 12:49:00,22.06,22.06,22.06,22.06,100
"986",2014-05-16 13:04:00,22.0599,22.0599,22.0599,22.0599,200
"987",2014-05-16 13:13:00,22.0599,22.0599,22.0599,22.0599,290
"988",2014-05-16 13:35:00,22.06,22.06,22.06,22.06,100
"989",2014-05-16 13:36:00,22.07,22.07,22.07,22.07,247
"990",2014-05-16 13:37:00,22.07,22.07,22.0201,22.0201,2600
"991",2014-05-16 14:10:00,22.036,22.0599,22.036,22.0599,495
"992",2014-05-16 14:12:00,22.03,22.03,22.03,22.03,100
"993",2014-05-16 14:18:00,22.02,22.02,22.02,22.02,100
"994",2014-05-16 14:20:00,22.02,22.02,22.02,22.02,100
"995",2014-05-16 14:22:00,22.02,22.02,22.02,22.02,100
"996",2014-05-16 14:24:00,22.02,22.02,22.02,22.02,100
"997",2014-05-16 14:26:00,22.02,22.02,22.02,22.02,100
"998",2014-05-16 14:29:00,22.01,22.01,22.01,22.01,100
"999",2014-05-16 14:31:00,22.01,22.01,22.01,22.01,100
"1000",2014-05-16 14:33:00,22.01,22.01,22.01,22.01,100
"1001",2014-05-16 14:35:00,22.01,22.01,22.01,22.01,100
"1002",2014-05-16 14:37:00,22.01,22.01,22.01,22.01,100
"1003",2014-05-16 14:39:00,22.01,22.01,22.01,22.01,100
"1004",2014-05-16 14:42:00,22.01,22.01,22.01,22.01,100
"1005",2014-05-16 14:44:00,22.02,22.02,22.02,22.02,100
"1006",2014-05-16 14:45:00,22.02,22.02,22.02,22.02,100
"1007",2014-05-16 14:47:00,22.02,22.02,22.02,22.02,200
"1008",2014-05-16 14:48:00,22.02,22.02,22.02,22.02,100
"1009",2014-05-16 14:49:00,22.02,22.02,22.02,22.02,100
"1010",2014-05-16 14:50:00,22.037,22.037,22.03,22.03,200
"1011",2014-05-16 14:52:00,22.03,22.03,22.03,22.03,100
"1012",2014-05-16 14:53:00,22.04,22.04,22.04,22.04,1300
"1013",2014-05-16 15:02:00,22.045,22.045,22.045,22.045,100
"1014",2014-05-16 15:03:00,22.045,22.045,22.045,22.045,100
"1015",2014-05-16 15:04:00,22.045,22.05,22.045,22.05,1200
"1016",2014-05-16 15:13:00,22.05,22.05,22.05,22.05,100
"1017",2014-05-16 15:14:00,22.05,22.05,22.05,22.05,100
"1018",2014-05-16 15:15:00,22.04,22.04,22.04,22.04,100
"1019",2014-05-16 15:16:00,22.06,22.06,22.06,22.06,1000
"1020",2014-05-16 15:19:00,22.06,22.07,22.06,22.07,700
"1021",2014-05-16 15:26:00,22.03,22.03,22.03,22.03,100
"1022",2014-05-16 15:27:00,22.02,22.02,22.02,22.02,100
"1023",2014-05-16 15:28:00,22.02,22.02,22.02,22.02,100
"1024",2014-05-16 15:29:00,22.02,22.05,22.02,22.05,200
"1025",2014-05-16 15:30:00,22.02,22.02,22.02,22.02,100
"1026",2014-05-16 15:31:00,22.02,22.05,22.02,22.05,200
"1027",2014-05-16 15:33:00,22.03,22.03,22.03,22.03,100
"1028",2014-05-16 15:34:00,22.03,22.05,22.03,22.05,200
"1029",2014-05-16 15:35:00,22.04,22.04,22.04,22.04,100
"1030",2014-05-16 15:36:00,22.045,22.05,22.045,22.05,200
"1031",2014-05-16 15:38:00,22.045,22.05,22.04,22.0401,904
"1032",2014-05-16 15:39:00,22.05,22.05,22.05,22.05,200
"1033",2014-05-16 15:40:00,22.04,22.04,22.04,22.04,100
"1034",2014-05-16 15:41:00,22.04,22.05,22.04,22.05,300
"1035",2014-05-16 15:42:00,22.05,22.07,22.05,22.07,1900
"1036",2014-05-16 15:43:00,22.12,22.12,22.12,22.12,200
"1037",2014-05-16 15:51:00,22.04,22.07,22.04,22.04,600
"1038",2014-05-16 15:52:00,22.04,22.05,22.04,22.04,400
"1039",2014-05-16 15:53:00,22.06,22.06,22.04,22.04,300
"1040",2014-05-16 15:54:00,22.04,22.06,22.04,22.06,500
"1041",2014-05-16 15:55:00,22.04,22.04,22.04,22.04,300
"1042",2014-05-16 15:56:00,22.06,22.13,22.04,22.04,600
"1043",2014-05-16 15:57:00,22.07,22.07,22.07,22.07,100
"1044",2014-05-16 15:59:00,22.1,22.12,22.1,22.12,2206
"1045",2014-05-19 09:30:00,21.76,21.76,21.76,21.76,300
"1046",2014-05-19 09:36:00,21.7101,21.7101,21.71,21.71,4135
"1047",2014-05-19 09:40:00,21.73,21.73,21.72,21.72,1600
"1048",2014-05-19 09:44:00,21.75,21.75,21.75,21.75,500
"1049",2014-05-19 09:48:00,21.73,21.74,21.729,21.74,5600
"1050",2014-05-19 09:50:00,21.7393,21.7393,21.7393,21.7393,300
"1051",2014-05-19 09:52:00,21.73,21.73,21.73,21.73,1422
"1052",2014-05-19 09:54:00,21.72,21.72,21.7199,21.7199,400
"1053",2014-05-19 09:57:00,21.74,21.74,21.74,21.74,2100
"1054",2014-05-19 09:58:00,21.7201,21.7201,21.7201,21.7201,150
"1055",2014-05-19 10:00:00,21.731,21.731,21.731,21.731,200
"1056",2014-05-19 10:01:00,21.74,21.75,21.74,21.75,200
"1057",2014-05-19 10:04:00,21.7464,21.7464,21.7464,21.7464,500
"1058",2014-05-19 10:17:00,21.75,21.75,21.75,21.75,200
"1059",2014-05-19 10:24:00,21.741,21.744,21.741,21.744,3381
"1060",2014-05-19 10:26:00,21.741,21.746,21.741,21.746,1137
"1061",2014-05-19 10:36:00,21.7401,21.7401,21.7401,21.7401,2000
"1062",2014-05-19 10:38:00,21.75,21.75,21.75,21.75,400
"1063",2014-05-19 10:42:00,21.75,21.75,21.75,21.75,600
"1064",2014-05-19 10:50:00,21.75,21.75,21.75,21.75,203
"1065",2014-05-19 10:57:00,21.73,21.731,21.73,21.73,900
"1066",2014-05-19 11:00:00,21.7396,21.7396,21.7396,21.7396,100
"1067",2014-05-19 11:01:00,21.73,21.73,21.73,21.73,100
"1068",2014-05-19 11:10:00,21.7301,21.7301,21.7301,21.7301,508
"1069",2014-05-19 11:14:00,21.73,21.74,21.72,21.72,4814
"1070",2014-05-19 11:19:00,21.7216,21.7216,21.7216,21.7216,2000
"1071",2014-05-19 11:33:00,21.72,21.72,21.71,21.71,1450
"1072",2014-05-19 11:35:00,21.71,21.71,21.71,21.71,170
"1073",2014-05-19 11:37:00,21.7,21.71,21.68,21.68,2500
"1074",2014-05-19 11:41:00,21.69,21.69,21.69,21.69,100
"1075",2014-05-19 11:42:00,21.69,21.69,21.69,21.69,100
"1076",2014-05-19 11:45:00,21.69,21.693,21.69,21.693,200
"1077",2014-05-19 11:49:00,21.6957,21.6957,21.6957,21.6957,400
"1078",2014-05-19 11:55:00,21.71,21.71,21.71,21.71,200
"1079",2014-05-19 11:57:00,21.72,21.72,21.72,21.72,100
"1080",2014-05-19 11:58:00,21.71,21.71,21.71,21.71,500
"1081",2014-05-19 12:00:00,21.71,21.72,21.71,21.72,400
"1082",2014-05-19 12:01:00,21.72,21.72,21.72,21.72,150
"1083",2014-05-19 12:03:00,21.72,21.72,21.72,21.72,200
"1084",2014-05-19 12:06:00,21.72,21.72,21.72,21.72,177
"1085",2014-05-19 12:09:00,21.73,21.73,21.73,21.73,150
"1086",2014-05-19 12:12:00,21.73,21.73,21.73,21.73,150
"1087",2014-05-19 12:15:00,21.72,21.72,21.72,21.72,200
"1088",2014-05-19 12:18:00,21.72,21.72,21.72,21.72,200
"1089",2014-05-19 12:21:00,21.72,21.72,21.72,21.72,200
"1090",2014-05-19 12:24:00,21.72,21.72,21.72,21.72,200
"1091",2014-05-19 12:27:00,21.72,21.72,21.72,21.72,200
"1092",2014-05-19 12:30:00,21.72,21.72,21.72,21.72,200
"1093",2014-05-19 12:33:00,21.7101,21.72,21.7101,21.72,345
"1094",2014-05-19 12:35:00,21.715,21.715,21.71,21.71,200
"1095",2014-05-19 12:39:00,21.71,21.715,21.71,21.71,1000
"1096",2014-05-19 12:41:00,21.72,21.72,21.7199,21.7199,200
"1097",2014-05-19 12:43:00,21.72,21.72,21.72,21.72,200
"1098",2014-05-19 12:45:00,21.72,21.72,21.7196,21.7196,600
"1099",2014-05-19 12:47:00,21.73,21.73,21.73,21.73,1000
"1100",2014-05-19 12:48:00,21.73,21.73,21.73,21.73,500
"1101",2014-05-19 12:51:00,21.73,21.73,21.73,21.73,200
"1102",2014-05-19 12:53:00,21.728,21.728,21.728,21.728,300
"1103",2014-05-19 12:54:00,21.73,21.73,21.73,21.73,200
"1104",2014-05-19 12:58:00,21.73,21.73,21.73,21.73,200
"1105",2014-05-19 13:00:00,21.725,21.725,21.72,21.72,500
"1106",2014-05-19 13:05:00,21.725,21.725,21.725,21.725,400
"1107",2014-05-19 13:11:00,21.72,21.72,21.72,21.72,400
"1108",2014-05-19 13:14:00,21.72,21.72,21.7,21.7,2000
"1109",2014-05-19 13:18:00,21.71,21.71,21.7099,21.7099,200
"1110",2014-05-19 13:28:00,21.71,21.71,21.71,21.71,100
"1111",2014-05-19 13:31:00,21.71,21.71,21.71,21.71,200
"1112",2014-05-19 13:35:00,21.71,21.71,21.71,21.71,200
"1113",2014-05-19 13:36:00,21.7044,21.7044,21.7044,21.7044,200
"1114",2014-05-19 13:38:00,21.71,21.71,21.71,21.71,200
"1115",2014-05-19 13:41:00,21.7099,21.71,21.7099,21.71,700
"1116",2014-05-19 13:44:00,21.71,21.71,21.71,21.71,325
"1117",2014-05-19 13:48:00,21.72,21.72,21.72,21.72,200
"1118",2014-05-19 13:49:00,21.719,21.719,21.7,21.7,700
"1119",2014-05-19 13:54:00,21.72,21.72,21.72,21.72,200
"1120",2014-05-19 13:57:00,21.72,21.72,21.72,21.72,100
"1121",2014-05-19 13:58:00,21.705,21.705,21.7,21.7004,500
"1122",2014-05-19 14:01:00,21.71,21.71,21.71,21.71,400
"1123",2014-05-19 14:03:00,21.72,21.72,21.72,21.72,100
"1124",2014-05-19 14:04:00,21.72,21.72,21.72,21.72,500
"1125",2014-05-19 14:12:00,21.71,21.71,21.71,21.71,100
"1126",2014-05-19 14:14:00,21.71,21.71,21.71,21.71,200
"1127",2014-05-19 14:17:00,21.71,21.71,21.71,21.71,200
"1128",2014-05-19 14:19:00,21.71,21.71,21.71,21.71,200
"1129",2014-05-19 14:20:00,21.705,21.705,21.705,21.705,100
"1130",2014-05-19 14:22:00,21.7099,21.71,21.7099,21.71,600
"1131",2014-05-19 14:24:00,21.705,21.71,21.7,21.71,3000
"1132",2014-05-19 14:29:00,21.71,21.71,21.7099,21.7099,330
"1133",2014-05-19 14:30:00,21.71,21.715,21.71,21.71,500
"1134",2014-05-19 14:33:00,21.71,21.71,21.71,21.71,200
"1135",2014-05-19 14:38:00,21.71,21.71,21.71,21.71,200
"1136",2014-05-19 14:39:00,21.71,21.71,21.71,21.71,500
"1137",2014-05-19 14:44:00,21.7055,21.7055,21.7055,21.7055,100
"1138",2014-05-19 14:46:00,21.71,21.71,21.71,21.71,100
"1139",2014-05-19 14:49:00,21.71,21.71,21.71,21.71,200
"1140",2014-05-19 14:51:00,21.71,21.71,21.71,21.71,200
"1141",2014-05-19 14:54:00,21.71,21.72,21.7099,21.72,3074
"1142",2014-05-19 14:56:00,21.71,21.71,21.71,21.71,200
"1143",2014-05-19 14:59:00,21.71,21.71,21.71,21.71,200
"1144",2014-05-19 15:00:00,21.7099,21.71,21.7099,21.71,800
"1145",2014-05-19 15:02:00,21.72,21.72,21.72,21.72,125
"1146",2014-05-19 15:04:00,21.72,21.72,21.72,21.72,200
"1147",2014-05-19 15:07:00,21.72,21.72,21.7199,21.7199,900
"1148",2014-05-19 15:09:00,21.72,21.72,21.71,21.71,900
"1149",2014-05-19 15:14:00,21.7099,21.7099,21.7099,21.7099,2174
"1150",2014-05-19 15:19:00,21.71,21.71,21.71,21.71,100
"1151",2014-05-19 15:21:00,21.71,21.71,21.71,21.71,200
"1152",2014-05-19 15:23:00,21.71,21.71,21.71,21.71,200
"1153",2014-05-19 15:25:00,21.71,21.71,21.71,21.71,300
"1154",2014-05-19 15:28:00,21.71,21.71,21.71,21.71,200
"1155",2014-05-19 15:30:00,21.71,21.71,21.71,21.71,200
"1156",2014-05-19 15:31:00,21.7035,21.7035,21.7035,21.7035,200
"1157",2014-05-19 15:32:00,21.71,21.71,21.71,21.71,200
"1158",2014-05-19 15:34:00,21.71,21.71,21.71,21.71,200
"1159",2014-05-19 15:36:00,21.71,21.71,21.71,21.71,200
"1160",2014-05-19 15:38:00,21.71,21.71,21.71,21.71,200
"1161",2014-05-19 15:40:00,21.71,21.71,21.71,21.71,200
"1162",2014-05-19 15:41:00,21.7099,21.7099,21.7099,21.7099,500
"1163",2014-05-19 15:42:00,21.71,21.71,21.71,21.71,200
"1164",2014-05-19 15:43:00,21.705,21.71,21.7,21.71,550
"1165",2014-05-19 15:45:00,21.71,21.71,21.71,21.71,100
"1166",2014-05-19 15:47:00,21.71,21.715,21.71,21.71,700
"1167",2014-05-19 15:50:00,21.71,21.71,21.71,21.71,500
"1168",2014-05-19 15:52:00,21.71,21.71,21.71,21.71,150
"1169",2014-05-19 15:53:00,21.71,21.71,21.71,21.71,400
"1170",2014-05-19 15:54:00,21.71,21.71,21.71,21.71,200
"1171",2014-05-19 15:56:00,21.71,21.71,21.71,21.71,400
"1172",2014-05-19 15:58:00,21.71,21.72,21.71,21.72,500
"1173",2014-05-19 15:59:00,21.72,21.73,21.71,21.72,1303
"1174",2014-05-20 09:35:00,21.67,21.67,21.67,21.67,100
"1175",2014-05-20 09:48:00,21.6502,21.6502,21.6502,21.6502,250
"1176",2014-05-20 09:57:00,21.651,21.651,21.651,21.651,400
"1177",2014-05-20 09:59:00,21.65,21.65,21.65,21.65,1300
"1178",2014-05-20 10:02:00,21.646,21.646,21.646,21.646,100
"1179",2014-05-20 10:18:00,21.66,21.661,21.66,21.66,300
"1180",2014-05-20 10:29:00,21.66,21.66,21.66,21.66,100
"1181",2014-05-20 10:41:00,21.66,21.66,21.66,21.66,975
"1182",2014-05-20 10:47:00,21.67,21.69,21.67,21.69,1300
"1183",2014-05-20 10:53:00,21.671,21.671,21.671,21.671,119
"1184",2014-05-20 10:57:00,21.68,21.68,21.68,21.68,297
"1185",2014-05-20 11:02:00,21.6985,21.6985,21.6985,21.6985,200
"1186",2014-05-20 11:14:00,21.6801,21.6801,21.6801,21.6801,300
"1187",2014-05-20 11:37:00,21.6823,21.6823,21.6823,21.6823,400
"1188",2014-05-20 11:38:00,21.688,21.688,21.68,21.68,800
"1189",2014-05-20 11:49:00,21.69,21.69,21.69,21.69,500
"1190",2014-05-20 12:02:00,21.68,21.68,21.68,21.68,7200
"1191",2014-05-20 12:11:00,21.674,21.674,21.674,21.674,700
"1192",2014-05-20 12:19:00,21.69,21.698,21.6701,21.698,800
"1193",2014-05-20 12:31:00,21.682,21.682,21.682,21.682,600
"1194",2014-05-20 12:38:00,21.69,21.69,21.69,21.69,100
"1195",2014-05-20 12:39:00,21.69,21.69,21.69,21.69,400
"1196",2014-05-20 12:54:00,21.6839,21.6839,21.6839,21.6839,429
"1197",2014-05-20 13:14:00,21.68,21.68,21.68,21.68,600
"1198",2014-05-20 13:15:00,21.68,21.68,21.68,21.68,1000
"1199",2014-05-20 13:17:00,21.68,21.68,21.68,21.68,200
"1200",2014-05-20 13:19:00,21.67,21.67,21.67,21.67,2200
"1201",2014-05-20 13:28:00,21.67,21.67,21.67,21.67,400
"1202",2014-05-20 13:47:00,21.6446,21.6446,21.6446,21.6446,300
"1203",2014-05-20 13:56:00,21.65,21.65,21.65,21.65,3000
"1204",2014-05-20 13:57:00,21.65,21.66,21.65,21.66,2095
"1205",2014-05-20 13:58:00,21.65,21.65,21.65,21.65,595
"1206",2014-05-20 14:19:00,21.68,21.68,21.68,21.68,5000
"1207",2014-05-20 15:06:00,21.6799,21.6799,21.6799,21.6799,700
"1208",2014-05-20 15:12:00,21.6777,21.6777,21.6777,21.6777,200
"1209",2014-05-20 15:26:00,21.69,21.69,21.69,21.69,100
"1210",2014-05-20 15:49:00,21.69,21.69,21.6899,21.6899,370
"1211",2014-05-20 15:50:00,21.671,21.671,21.671,21.671,200
"1212",2014-05-20 15:55:00,21.6899,21.6899,21.6899,21.6899,310
"1213",2014-05-20 15:56:00,21.6701,21.6701,21.6701,21.6701,150
"1214",2014-05-20 15:59:00,21.69,21.69,21.69,21.69,100
"1215",2014-05-21 09:30:00,21.8,21.8,21.8,21.8,100
"1216",2014-05-21 09:36:00,21.88,21.88,21.8589,21.8589,600
"1217",2014-05-21 09:39:00,21.88,21.88,21.85,21.85,800
"1218",2014-05-21 09:49:00,21.87,21.87,21.87,21.87,100
"1219",2014-05-21 09:50:00,21.88,21.88,21.88,21.88,3000
"1220",2014-05-21 09:51:00,21.89,21.89,21.89,21.89,100
"1221",2014-05-21 09:52:00,21.88,21.8986,21.88,21.8986,1000
"1222",2014-05-21 09:58:00,21.89,21.89,21.89,21.89,100
"1223",2014-05-21 10:02:00,21.9,21.9,21.9,21.9,200
"1224",2014-05-21 10:04:00,21.9,21.9,21.9,21.9,400
"1225",2014-05-21 10:08:00,21.91,21.91,21.9,21.91,1175
"1226",2014-05-21 10:11:00,21.92,21.92,21.92,21.92,350
"1227",2014-05-21 10:12:00,21.91,21.91,21.91,21.91,200
"1228",2014-05-21 10:14:00,21.91,21.91,21.91,21.91,200
"1229",2014-05-21 10:16:00,21.91,21.91,21.91,21.91,200
"1230",2014-05-21 10:17:00,21.9,21.9,21.9,21.9,200
"1231",2014-05-21 10:18:00,21.9,21.9,21.9,21.9,200
"1232",2014-05-21 10:31:00,21.91,21.92,21.91,21.92,860
"1233",2014-05-21 10:35:00,21.92,21.92,21.91,21.91,5300
"1234",2014-05-21 10:38:00,21.91,21.91,21.91,21.91,300
"1235",2014-05-21 10:39:00,21.91,21.91,21.91,21.91,200
"1236",2014-05-21 10:42:00,21.91,21.91,21.91,21.91,200
"1237",2014-05-21 10:44:00,21.91,21.91,21.91,21.91,200
"1238",2014-05-21 10:47:00,21.91,21.91,21.91,21.91,200
"1239",2014-05-21 10:48:00,21.91,21.91,21.9099,21.91,400
"1240",2014-05-21 10:51:00,21.91,21.91,21.91,21.91,200
"1241",2014-05-21 10:53:00,21.91,21.91,21.91,21.91,100
"1242",2014-05-21 10:54:00,21.91,21.91,21.91,21.91,200
"1243",2014-05-21 10:56:00,21.91,21.91,21.91,21.91,200
"1244",2014-05-21 10:58:00,21.91,21.91,21.91,21.91,100
"1245",2014-05-21 11:00:00,21.91,21.91,21.91,21.91,100
"1246",2014-05-21 11:01:00,21.91,21.91,21.91,21.91,100
"1247",2014-05-21 11:03:00,21.91,21.91,21.91,21.91,100
"1248",2014-05-21 11:04:00,21.91,21.91,21.91,21.91,100
"1249",2014-05-21 11:06:00,21.91,21.91,21.91,21.91,200
"1250",2014-05-21 11:09:00,21.91,21.91,21.91,21.91,200
"1251",2014-05-21 11:12:00,21.91,21.91,21.91,21.91,200
"1252",2014-05-21 11:15:00,21.91,21.91,21.91,21.91,200
"1253",2014-05-21 11:17:00,21.91,21.91,21.91,21.91,200
"1254",2014-05-21 11:20:00,21.91,21.91,21.91,21.91,200
"1255",2014-05-21 11:23:00,21.91,21.91,21.91,21.91,200
"1256",2014-05-21 11:26:00,21.91,21.91,21.9001,21.9001,430
"1257",2014-05-21 11:30:00,21.91,21.91,21.91,21.91,200
"1258",2014-05-21 11:32:00,21.91,21.91,21.91,21.91,200
"1259",2014-05-21 11:34:00,21.9004,21.9004,21.9004,21.9004,100
"1260",2014-05-21 11:36:00,21.91,21.91,21.91,21.91,200
"1261",2014-05-21 11:37:00,21.91,21.91,21.91,21.91,100
"1262",2014-05-21 11:39:00,21.91,21.91,21.91,21.91,100
"1263",2014-05-21 11:41:00,21.91,21.91,21.91,21.91,100
"1264",2014-05-21 11:42:00,21.91,21.91,21.91,21.91,100
"1265",2014-05-21 11:44:00,21.91,21.91,21.91,21.91,100
"1266",2014-05-21 11:46:00,21.91,21.91,21.9,21.9,200
"1267",2014-05-21 11:49:00,21.91,21.91,21.91,21.91,200
"1268",2014-05-21 11:51:00,21.91,21.91,21.91,21.91,100
"1269",2014-05-21 11:52:00,21.91,21.91,21.91,21.91,100
"1270",2014-05-21 11:53:00,21.9099,21.9099,21.9099,21.9099,525
"1271",2014-05-21 11:54:00,21.91,21.91,21.91,21.91,100
"1272",2014-05-21 11:55:00,21.89,21.91,21.89,21.91,10100
"1273",2014-05-21 11:57:00,21.9,21.9,21.88,21.88,7500
"1274",2014-05-21 12:03:00,21.88,21.88,21.88,21.88,200
"1275",2014-05-21 12:05:00,21.88,21.88,21.88,21.88,100
"1276",2014-05-21 12:07:00,21.88,21.88,21.88,21.88,100
"1277",2014-05-21 12:12:00,21.88,21.88,21.88,21.88,200
"1278",2014-05-21 12:13:00,21.88,21.88,21.88,21.88,100
"1279",2014-05-21 12:15:00,21.88,21.88,21.87,21.87,300
"1280",2014-05-21 12:17:00,21.8611,21.8611,21.8611,21.8611,200
"1281",2014-05-21 12:20:00,21.88,21.88,21.88,21.88,200
"1282",2014-05-21 12:22:00,21.88,21.88,21.88,21.88,100
"1283",2014-05-21 12:24:00,21.88,21.88,21.88,21.88,100
"1284",2014-05-21 12:25:00,21.88,21.88,21.88,21.88,100
"1285",2014-05-21 12:29:00,21.88,21.88,21.88,21.88,100
"1286",2014-05-21 12:31:00,21.88,21.88,21.88,21.88,100
"1287",2014-05-21 12:33:00,21.88,21.88,21.88,21.88,100
"1288",2014-05-21 12:35:00,21.88,21.88,21.88,21.88,100
"1289",2014-05-21 12:37:00,21.875,21.88,21.875,21.88,1700
"1290",2014-05-21 12:39:00,21.88,21.88,21.88,21.88,300
"1291",2014-05-21 12:42:00,21.88,21.88,21.88,21.88,100
"1292",2014-05-21 12:43:00,21.88,21.88,21.88,21.88,1900
"1293",2014-05-21 12:44:00,21.875,21.875,21.875,21.875,310
"1294",2014-05-21 12:47:00,21.88,21.88,21.88,21.88,100
"1295",2014-05-21 12:48:00,21.88,21.88,21.88,21.88,100
"1296",2014-05-21 12:50:00,21.88,21.88,21.88,21.88,100
"1297",2014-05-21 12:51:00,21.879,21.88,21.875,21.88,3200
"1298",2014-05-21 12:52:00,21.88,21.88,21.88,21.88,100
"1299",2014-05-21 12:55:00,21.88,21.88,21.88,21.88,100
"1300",2014-05-21 12:56:00,21.88,21.88,21.88,21.88,100
"1301",2014-05-21 12:59:00,21.88,21.88,21.88,21.88,100
"1302",2014-05-21 13:00:00,21.87,21.875,21.87,21.87,2700
"1303",2014-05-21 13:03:00,21.8675,21.8675,21.8675,21.8675,163
"1304",2014-05-21 13:05:00,21.88,21.88,21.88,21.88,350
"1305",2014-05-21 13:06:00,21.88,21.88,21.87,21.87,300
"1306",2014-05-21 13:07:00,21.87,21.87,21.87,21.87,1800
"1307",2014-05-21 13:08:00,21.88,21.88,21.88,21.88,100
"1308",2014-05-21 13:09:00,21.88,21.88,21.88,21.88,700
"1309",2014-05-21 13:12:00,21.89,21.89,21.89,21.89,100
"1310",2014-05-21 13:14:00,21.9,21.9,21.9,21.9,100
"1311",2014-05-21 13:16:00,21.88,21.885,21.88,21.885,1800
"1312",2014-05-21 13:19:00,21.9,21.9,21.9,21.9,100
"1313",2014-05-21 13:21:00,21.9,21.9,21.9,21.9,100
"1314",2014-05-21 13:22:00,21.88,21.885,21.87,21.885,1800
"1315",2014-05-21 13:26:00,21.9,21.9,21.9,21.9,100
"1316",2014-05-21 13:27:00,21.88,21.885,21.88,21.88,1700
"1317",2014-05-21 13:32:00,21.9,21.9,21.89,21.895,900
"1318",2014-05-21 13:33:00,21.87,21.88,21.87,21.88,2600
"1319",2014-05-21 13:39:00,21.88,21.88,21.88,21.88,1400
"1320",2014-05-21 13:40:00,21.89,21.89,21.89,21.89,100
"1321",2014-05-21 13:41:00,21.89,21.89,21.89,21.89,100
"1322",2014-05-21 13:43:00,21.885,21.89,21.885,21.89,900
"1323",2014-05-21 13:44:00,21.885,21.885,21.885,21.885,1100
"1324",2014-05-21 13:46:00,21.89,21.89,21.89,21.89,100
"1325",2014-05-21 13:47:00,21.8801,21.8801,21.8801,21.8801,4022
"1326",2014-05-21 13:49:00,21.89,21.89,21.885,21.885,1700
"1327",2014-05-21 13:51:00,21.8845,21.8845,21.8845,21.8845,100
"1328",2014-05-21 13:53:00,21.89,21.89,21.89,21.89,200
"1329",2014-05-21 13:54:00,21.89,21.89,21.89,21.89,200
"1330",2014-05-21 13:56:00,21.89,21.89,21.89,21.89,100
"1331",2014-05-21 13:57:00,21.88,21.89,21.88,21.8875,2100
"1332",2014-05-21 14:00:00,21.89,21.89,21.89,21.89,100
"1333",2014-05-21 14:02:00,21.89,21.89,21.89,21.89,100
"1334",2014-05-21 14:03:00,21.88,21.885,21.88,21.885,1500
"1335",2014-05-21 14:05:00,21.885,21.89,21.885,21.8893,1500
"1336",2014-05-21 14:06:00,21.89,21.89,21.89,21.89,200
"1337",2014-05-21 14:07:00,21.885,21.885,21.885,21.885,1400
"1338",2014-05-21 14:10:00,21.89,21.89,21.88,21.885,300
"1339",2014-05-21 14:13:00,21.88,21.88,21.86,21.87,2300
"1340",2014-05-21 14:19:00,21.89,21.89,21.87,21.87,1500
"1341",2014-05-21 14:21:00,21.89,21.89,21.89,21.89,1400
"1342",2014-05-21 14:23:00,21.89,21.89,21.89,21.89,100
"1343",2014-05-21 14:24:00,21.8999,21.9,21.89,21.9,700
"1344",2014-05-21 14:26:00,21.89,21.8993,21.89,21.8993,600
"1345",2014-05-21 14:27:00,21.89,21.895,21.875,21.875,1900
"1346",2014-05-21 14:31:00,21.88,21.88,21.88,21.88,1200
"1347",2014-05-21 14:34:00,21.89,21.89,21.89,21.89,100
"1348",2014-05-21 14:35:00,21.89,21.89,21.88,21.88,1200
"1349",2014-05-21 14:37:00,21.8899,21.89,21.8899,21.89,400
"1350",2014-05-21 14:38:00,21.88,21.885,21.88,21.885,1200
"1351",2014-05-21 14:41:00,21.89,21.89,21.89,21.89,100
"1352",2014-05-21 14:42:00,21.88,21.885,21.88,21.885,1100
"1353",2014-05-21 14:45:00,21.885,21.885,21.88,21.88,1100
"1354",2014-05-21 14:48:00,21.8891,21.8891,21.88,21.885,650
"1355",2014-05-21 14:49:00,21.87,21.87,21.87,21.87,1200
"1356",2014-05-21 14:52:00,21.87,21.875,21.86,21.86,1200
"1357",2014-05-21 14:55:00,21.8681,21.87,21.8681,21.87,1100
"1358",2014-05-21 14:56:00,21.86,21.87,21.86,21.87,1400
"1359",2014-05-21 14:59:00,21.86,21.865,21.86,21.86,1000
"1360",2014-05-21 15:02:00,21.865,21.865,21.86,21.865,900
"1361",2014-05-21 15:04:00,21.865,21.865,21.865,21.865,1000
"1362",2014-05-21 15:07:00,21.865,21.88,21.865,21.88,2400
"1363",2014-05-21 15:08:00,21.88,21.88,21.88,21.88,100
"1364",2014-05-21 15:10:00,21.89,21.89,21.89,21.89,100
"1365",2014-05-21 15:13:00,21.88,21.89,21.88,21.89,800
"1366",2014-05-21 15:15:00,21.88,21.89,21.88,21.89,800
"1367",2014-05-21 15:17:00,21.88,21.88,21.88,21.88,800
"1368",2014-05-21 15:20:00,21.87,21.885,21.87,21.885,800
"1369",2014-05-21 15:22:00,21.87,21.88,21.87,21.88,700
"1370",2014-05-21 15:24:00,21.87,21.88,21.87,21.88,700
"1371",2014-05-21 15:25:00,21.87,21.88,21.87,21.88,600
"1372",2014-05-21 15:28:00,21.89,21.89,21.88,21.885,800
"1373",2014-05-21 15:30:00,21.88,21.88,21.88,21.88,600
"1374",2014-05-21 15:31:00,21.87,21.87,21.87,21.87,600
"1375",2014-05-21 15:33:00,21.86,21.875,21.86,21.875,700
"1376",2014-05-21 15:35:00,21.86,21.875,21.86,21.875,700
"1377",2014-05-21 15:37:00,21.86,21.875,21.86,21.875,700
"1378",2014-05-21 15:39:00,21.88,21.88,21.86,21.87,1000
"1379",2014-05-21 15:41:00,21.86,21.87,21.86,21.87,700
"1380",2014-05-21 15:43:00,21.86,21.87,21.86,21.86,600
"1381",2014-05-21 15:45:00,21.86,21.87,21.86,21.87,600
"1382",2014-05-21 15:46:00,21.86,21.87,21.86,21.87,500
"1383",2014-05-21 15:47:00,21.88,21.88,21.88,21.88,100
"1384",2014-05-21 15:48:00,21.86,21.87,21.86,21.86,1175
"1385",2014-05-21 15:49:00,21.86,21.86,21.86,21.86,300
"1386",2014-05-21 15:50:00,21.86,21.86,21.86,21.86,300
"1387",2014-05-21 15:51:00,21.86,21.87,21.85,21.87,600
"1388",2014-05-21 15:52:00,21.86,21.87,21.86,21.87,300
"1389",2014-05-21 15:53:00,21.86,21.8712,21.86,21.8712,400
"1390",2014-05-21 15:54:00,21.86,21.86,21.86,21.86,400
"1391",2014-05-21 15:55:00,21.86,21.86,21.86,21.86,200
"1392",2014-05-21 15:56:00,21.86,21.87,21.86,21.86,500
"1393",2014-05-21 15:57:00,21.86,21.86,21.86,21.86,400
"1394",2014-05-21 15:58:00,21.86,21.87,21.85,21.87,700
"1395",2014-05-21 15:59:00,21.85,21.89,21.85,21.89,1000
"1396",2014-05-22 09:30:00,21.82,21.85,21.82,21.85,500
"1397",2014-05-22 09:32:00,21.87,21.87,21.85,21.8505,1300
"1398",2014-05-22 09:35:00,21.9,21.9,21.8793,21.8793,1683
"1399",2014-05-22 09:36:00,21.88,21.88,21.87,21.87,4400
"1400",2014-05-22 09:38:00,21.85,21.85,21.85,21.85,100
"1401",2014-05-22 09:51:00,21.9,21.908,21.8999,21.8999,15400
"1402",2014-05-22 09:53:00,21.87,21.87,21.87,21.87,100
"1403",2014-05-22 10:04:00,21.87,21.8926,21.87,21.8926,3200
"1404",2014-05-22 10:09:00,21.887,21.887,21.887,21.887,400
"1405",2014-05-22 10:11:00,21.89,21.89,21.89,21.89,5200
"1406",2014-05-22 10:12:00,21.89,21.89,21.89,21.89,1300
"1407",2014-05-22 10:21:00,21.8959,21.8959,21.8959,21.8959,2500
"1408",2014-05-22 10:23:00,21.908,21.908,21.908,21.908,200
"1409",2014-05-22 10:31:00,21.89,21.89,21.89,21.89,1300
"1410",2014-05-22 10:32:00,21.89,21.89,21.89,21.89,7575
"1411",2014-05-22 10:34:00,21.898,21.9,21.89,21.9,2700
"1412",2014-05-22 10:42:00,21.8801,21.8849,21.88,21.8849,1500
"1413",2014-05-22 10:44:00,21.8801,21.8801,21.8801,21.8801,300
"1414",2014-05-22 10:48:00,21.88,21.88,21.88,21.88,300
"1415",2014-05-22 11:06:00,21.88,21.88,21.88,21.88,2500
"1416",2014-05-22 11:09:00,21.889,21.89,21.889,21.89,300
"1417",2014-05-22 11:10:00,21.889,21.89,21.88,21.88,1400
"1418",2014-05-22 11:18:00,21.8864,21.8864,21.8864,21.8864,2500
"1419",2014-05-22 11:25:00,21.885,21.885,21.885,21.885,300
"1420",2014-05-22 11:55:00,21.885,21.89,21.885,21.89,2200
"1421",2014-05-22 11:56:00,21.9099,21.9099,21.9099,21.9099,110
"1422",2014-05-22 12:17:00,21.9,21.9,21.9,21.9,100
"1423",2014-05-22 12:44:00,21.9,21.9,21.9,21.9,100
"1424",2014-05-22 12:58:00,21.8999,21.8999,21.8999,21.8999,100
"1425",2014-05-22 12:59:00,21.876,21.876,21.876,21.876,100
"1426",2014-05-22 13:54:00,21.9,21.9,21.87,21.87,200
"1427",2014-05-22 13:58:00,21.89,21.9,21.89,21.9,3300
"1428",2014-05-22 14:52:00,21.902,21.902,21.8704,21.8704,406
"1429",2014-05-22 14:57:00,21.8756,21.8756,21.8756,21.8756,600
"1430",2014-05-22 15:42:00,21.9,21.9,21.9,21.9,500
"1431",2014-05-22 15:47:00,21.8848,21.8848,21.8848,21.8848,320
"1432",2014-05-22 15:49:00,21.88,21.88,21.88,21.88,100
"1433",2014-05-22 15:53:00,21.8986,21.8986,21.8986,21.8986,150
"1434",2014-05-22 15:55:00,21.89,21.89,21.89,21.89,200
"1435",2014-05-22 15:57:00,21.88,21.88,21.88,21.88,100
"1436",2014-05-22 15:58:00,21.88,21.88,21.88,21.88,200
"1437",2014-05-22 15:59:00,21.88,21.9,21.87,21.9,1340
"1438",2014-05-23 09:30:00,22.1,22.1,22.1,22.1,100
"1439",2014-05-23 09:32:00,22.1,22.1,22.1,22.1,200
"1440",2014-05-23 09:33:00,21.96,22.01,21.96,22.01,1775
"1441",2014-05-23 09:43:00,22.08,22.08,22.08,22.08,100
"1442",2014-05-23 09:46:00,22.08,22.09,22.08,22.09,200
"1443",2014-05-23 09:50:00,22.03,22.05,22.02,22.025,6080
"1444",2014-05-23 09:51:00,22.09,22.09,22.09,22.09,500
"1445",2014-05-23 09:55:00,22.03,22.03,22.03,22.03,200
"1446",2014-05-23 09:56:00,22.07,22.07,22.07,22.07,805
"1447",2014-05-23 10:00:00,22.03,22.03,22.03,22.03,100
"1448",2014-05-23 10:10:00,22.06,22.06,22.06,22.06,268
"1449",2014-05-23 10:12:00,22.0021,22.0021,22.0021,22.0021,3000
"1450",2014-05-23 10:34:00,22.0513,22.06,22.0513,22.06,800
"1451",2014-05-23 10:52:00,22.06,22.06,22.06,22.06,100
"1452",2014-05-23 11:03:00,22.05,22.06,22.05,22.06,900
"1453",2014-05-23 11:14:00,22.06,22.06,22.06,22.06,100
"1454",2014-05-23 11:15:00,22.06,22.06,22.06,22.06,100
"1455",2014-05-23 11:16:00,22.06,22.06,22.06,22.06,300
"1456",2014-05-23 11:30:00,22.059,22.059,22.059,22.059,500
"1457",2014-05-23 11:38:00,22.055,22.06,22.0501,22.06,2400
"1458",2014-05-23 12:11:00,22.0599,22.0599,22.0599,22.0599,100
"1459",2014-05-23 12:37:00,22.0501,22.0501,22.0501,22.0501,200
"1460",2014-05-23 12:55:00,22.051,22.051,22.051,22.051,200
"1461",2014-05-23 13:19:00,22.05,22.05,22.05,22.05,500
"1462",2014-05-23 13:31:00,22.0599,22.0599,22.0599,22.0599,450
"1463",2014-05-23 13:38:00,22.06,22.06,22.06,22.06,600
"1464",2014-05-23 13:51:00,22.0699,22.0699,22.0699,22.0699,200
"1465",2014-05-23 14:06:00,22.0654,22.0654,22.0654,22.0654,1000
"1466",2014-05-23 15:16:00,22.07,22.07,22.07,22.07,850
"1467",2014-05-23 15:20:00,22.07,22.07,22.07,22.07,200
"1468",2014-05-23 15:29:00,22.08,22.08,22.07,22.07,1350
"1469",2014-05-23 15:49:00,22.07,22.07,22.07,22.07,100
"1470",2014-05-23 15:53:00,22.0699,22.0699,22.0699,22.0699,100
"1471",2014-05-23 15:54:00,22.05,22.0535,22.05,22.0535,521
"1472",2014-05-23 15:57:00,22.05,22.05,22.05,22.05,450
"1473",2014-05-23 15:58:00,22.0599,22.0599,22.0599,22.0599,178
"1474",2014-05-23 15:59:00,22.06,22.06,22.04,22.04,2029
"1475",2014-05-27 09:30:00,22.05,22.05,22.05,22.05,275
"1476",2014-05-27 09:40:00,22.05,22.05,22.05,22.05,100
"1477",2014-05-27 09:44:00,22.0299,22.03,22.0299,22.03,3000
"1478",2014-05-27 10:01:00,22.0201,22.03,22.0201,22.03,325
"1479",2014-05-27 10:38:00,22.02,22.02,22.02,22.02,500
"1480",2014-05-27 10:51:00,22,22,21.96,21.96,500
"1481",2014-05-27 11:21:00,21.98,21.98,21.98,21.98,400
"1482",2014-05-27 11:26:00,21.96,21.96,21.96,21.96,150
"1483",2014-05-27 11:43:00,21.961,21.97,21.961,21.97,6100
"1484",2014-05-27 11:44:00,21.9616,21.9616,21.9616,21.9616,2850
"1485",2014-05-27 11:49:00,21.96,21.96,21.96,21.96,200
"1486",2014-05-27 11:52:00,21.96,21.96,21.96,21.96,750
"1487",2014-05-27 12:02:00,21.95,21.951,21.95,21.951,200
"1488",2014-05-27 12:05:00,21.94,21.941,21.94,21.941,500
"1489",2014-05-27 12:08:00,21.95,21.95,21.95,21.95,100
"1490",2014-05-27 12:09:00,21.9476,21.9476,21.9476,21.9476,200
"1491",2014-05-27 12:16:00,21.95,21.95,21.95,21.95,300
"1492",2014-05-27 12:20:00,21.97,22,21.97,21.97,900
"1493",2014-05-27 12:24:00,21.958,21.96,21.958,21.96,1900
"1494",2014-05-27 12:25:00,21.958,21.958,21.958,21.958,800
"1495",2014-05-27 12:36:00,21.921,21.921,21.921,21.921,1500
"1496",2014-05-27 12:40:00,21.9204,21.9204,21.92,21.92,1700
"1497",2014-05-27 12:43:00,21.9201,21.9201,21.92,21.92,1700
"1498",2014-05-27 12:45:00,21.9204,21.9204,21.9204,21.9204,1500
"1499",2014-05-27 12:50:00,21.93,21.93,21.93,21.93,9700
"1500",2014-05-27 12:53:00,21.921,21.921,21.921,21.921,400
"1501",2014-05-27 12:56:00,21.91,21.91,21.91,21.91,5000
"1502",2014-05-27 12:57:00,21.92,21.92,21.9,21.9,10000
"1503",2014-05-27 12:58:00,21.92,21.92,21.91,21.91,600
"1504",2014-05-27 13:01:00,21.91,21.91,21.9,21.9,4600
"1505",2014-05-27 13:02:00,21.91,21.91,21.91,21.91,100
"1506",2014-05-27 13:13:00,21.93,21.93,21.93,21.93,100
"1507",2014-05-27 13:23:00,21.94,21.94,21.9399,21.94,600
"1508",2014-05-27 13:30:00,21.935,21.935,21.935,21.935,130
"1509",2014-05-27 13:41:00,21.9484,21.9484,21.9484,21.9484,600
"1510",2014-05-27 14:18:00,21.96,21.96,21.96,21.96,100
"1511",2014-05-27 15:17:00,21.9599,21.9599,21.9599,21.9599,275
"1512",2014-05-27 15:44:00,21.9581,21.9581,21.9581,21.9581,586
"1513",2014-05-27 15:48:00,21.96,21.96,21.96,21.96,1900
"1514",2014-05-27 15:49:00,21.9701,21.9701,21.9701,21.9701,235
"1515",2014-05-27 15:52:00,21.9701,21.9701,21.9701,21.9701,100
"1516",2014-05-27 15:55:00,21.99,21.99,21.98,21.99,8000
"1517",2014-05-27 15:57:00,21.9501,21.9501,21.9501,21.9501,300
"1518",2014-05-27 15:58:00,21.9501,21.9501,21.9501,21.9501,184
"1519",2014-05-28 09:30:00,22.26,22.27,22.26,22.27,300
"1520",2014-05-28 09:35:00,22.231,22.231,22.231,22.231,200
"1521",2014-05-28 09:41:00,22.29,22.29,22.29,22.29,500
"1522",2014-05-28 09:43:00,22.279,22.279,22.279,22.279,1000
"1523",2014-05-28 09:49:00,22.2396,22.2396,22.2396,22.2396,100
"1524",2014-05-28 09:53:00,22.241,22.246,22.241,22.246,300
"1525",2014-05-28 10:00:00,22.23,22.23,22.23,22.23,200
"1526",2014-05-28 10:01:00,22.23,22.24,22.19,22.19,5341
"1527",2014-05-28 10:11:00,22.18,22.18,22.18,22.18,400
"1528",2014-05-28 10:12:00,22.1505,22.1505,22.1505,22.1505,750
"1529",2014-05-28 10:20:00,22.1401,22.15,22.1401,22.15,700
"1530",2014-05-28 10:22:00,22.16,22.16,22.16,22.16,100
"1531",2014-05-28 10:30:00,22.1664,22.1664,22.1664,22.1664,200
"1532",2014-05-28 10:32:00,22.1696,22.1696,22.1696,22.1696,100
"1533",2014-05-28 10:36:00,22.169,22.169,22.169,22.169,200
"1534",2014-05-28 11:17:00,22.15,22.15,22.15,22.15,2500
"1535",2014-05-28 12:01:00,22.16,22.16,22.16,22.16,1361
"1536",2014-05-28 12:25:00,22.161,22.164,22.161,22.164,1000
"1537",2014-05-28 12:30:00,22.168,22.168,22.16,22.16,600
"1538",2014-05-28 12:32:00,22.16,22.16,22.1503,22.16,1557
"1539",2014-05-28 12:59:00,22.1501,22.1501,22.15,22.15,200
"1540",2014-05-28 13:19:00,22.1799,22.1799,22.17,22.17,300
"1541",2014-05-28 13:44:00,22.1797,22.1797,22.1797,22.1797,100
"1542",2014-05-28 13:51:00,22.1794,22.1794,22.1794,22.1794,235
"1543",2014-05-28 14:01:00,22.16,22.16,22.16,22.16,100
"1544",2014-05-28 14:05:00,22.17,22.17,22.17,22.17,1600
"1545",2014-05-28 14:06:00,22.18,22.18,22.18,22.18,100
"1546",2014-05-28 14:07:00,22.19,22.19,22.19,22.19,100
"1547",2014-05-28 14:11:00,22.1604,22.1604,22.1604,22.1604,511
"1548",2014-05-28 14:13:00,22.1899,22.1899,22.1899,22.1899,250
"1549",2014-05-28 14:25:00,22.1699,22.1699,22.1699,22.1699,107
"1550",2014-05-28 14:35:00,22.17,22.17,22.17,22.17,1000
"1551",2014-05-28 14:37:00,22.17,22.17,22.1699,22.1699,2050
"1552",2014-05-28 14:45:00,22.1607,22.1607,22.1607,22.1607,304
"1553",2014-05-28 14:47:00,22.1699,22.1699,22.1699,22.1699,240
"1554",2014-05-28 14:51:00,22.1607,22.1607,22.1607,22.1607,164
"1555",2014-05-28 15:39:00,22.16,22.16,22.16,22.16,100
"1556",2014-05-28 15:48:00,22.158,22.16,22.158,22.16,10000
"1557",2014-05-28 15:52:00,22.15,22.15,22.14,22.14,18618
"1558",2014-05-28 15:53:00,22.14,22.14,22.14,22.14,20761
"1559",2014-05-28 15:58:00,22.13,22.13,22.13,22.13,2050
"1560",2014-05-28 15:59:00,22.14,22.14,22.13,22.14,2900
"1561",2014-05-29 09:30:00,22.03,22.03,22.03,22.03,102
"1562",2014-05-29 09:34:00,22.08,22.08,22.08,22.08,9800
"1563",2014-05-29 09:37:00,22.03,22.16,22.03,22.16,692
"1564",2014-05-29 09:41:00,22.16,22.16,22.03,22.03,800
"1565",2014-05-29 09:45:00,22.12,22.12,22.1,22.12,1500
"1566",2014-05-29 09:51:00,22.125,22.17,22.12,22.125,122400
"1567",2014-05-29 10:05:00,22.11,22.11,22.1,22.11,1600
"1568",2014-05-29 10:06:00,22.09,22.09,22.09,22.09,100
"1569",2014-05-29 10:09:00,22.11,22.11,22.108,22.108,500
"1570",2014-05-29 10:12:00,22.09,22.09,22.05,22.05,600
"1571",2014-05-29 10:21:00,22.07,22.07,22.07,22.07,1800
"1572",2014-05-29 10:34:00,22.08,22.08,22.08,22.08,1300
"1573",2014-05-29 10:39:00,22.11,22.11,22.1099,22.1099,250
"1574",2014-05-29 11:50:00,22.09,22.091,22.08,22.08,2000
"1575",2014-05-29 12:17:00,22.1101,22.1101,22.11,22.11,520
"1576",2014-05-29 12:40:00,22.1172,22.1172,22.1172,22.1172,100
"1577",2014-05-29 13:03:00,22.12,22.12,22.07,22.07,8500
"1578",2014-05-29 13:04:00,22.07,22.07,22.07,22.07,2474
"1579",2014-05-29 13:40:00,22.1099,22.1099,22.1099,22.1099,240
"1580",2014-05-29 14:00:00,22.09,22.09,22.09,22.09,100
"1581",2014-05-29 14:27:00,22.091,22.094,22.091,22.094,700
"1582",2014-05-29 14:28:00,22.08,22.08,22.08,22.08,500
"1583",2014-05-29 14:34:00,22.09,22.09,22.09,22.09,133
"1584",2014-05-29 14:48:00,22.09,22.09,22.09,22.09,2100
"1585",2014-05-29 14:50:00,22.1,22.1,22.1,22.1,200
"1586",2014-05-29 15:01:00,22.09,22.09,22.09,22.09,2000
"1587",2014-05-29 15:02:00,22.09,22.09,22.09,22.09,200
"1588",2014-05-29 15:06:00,22.099,22.099,22.099,22.099,365
"1589",2014-05-29 15:07:00,22.0902,22.0902,22.0902,22.0902,400
"1590",2014-05-29 15:14:00,22.096,22.1,22.096,22.098,300
"1591",2014-05-29 15:24:00,22.098,22.098,22.098,22.098,100
"1592",2014-05-29 15:39:00,22.0999,22.0999,22.0999,22.0999,1000
"1593",2014-05-29 15:57:00,22.08,22.1,22.07,22.1,4497
"1594",2014-05-29 15:59:00,22.1,22.1,22.07,22.08,2203
"1595",2014-05-30 09:30:00,22.13,22.13,22.13,22.13,300
"1596",2014-05-30 09:32:00,22.14,22.14,22.14,22.14,1100
"1597",2014-05-30 09:34:00,22.1401,22.1401,22.1401,22.1401,500
"1598",2014-05-30 09:39:00,22.155,22.16,22.155,22.16,1400
"1599",2014-05-30 09:45:00,22.15,22.15,22.15,22.15,700
"1600",2014-05-30 09:50:00,22.159,22.16,22.155,22.16,1400
"1601",2014-05-30 09:55:00,22.15,22.15,22.15,22.15,100
"1602",2014-05-30 10:45:00,22.15,22.15,22.15,22.15,200
"1603",2014-05-30 11:10:00,22.15,22.15,22.15,22.15,600
"1604",2014-05-30 11:12:00,22.15,22.15,22.15,22.15,200
"1605",2014-05-30 11:14:00,22.14,22.14,22.13,22.13,900
"1606",2014-05-30 11:24:00,22.1301,22.1301,22.13,22.13,200
"1607",2014-05-30 11:25:00,22.13,22.13,22.12,22.12,500
"1608",2014-05-30 11:42:00,22.14,22.14,22.14,22.14,200
"1609",2014-05-30 11:44:00,22.13,22.13,22.13,22.13,400
"1610",2014-05-30 12:10:00,22.13,22.13,22.13,22.13,150
"1611",2014-05-30 12:17:00,22.14,22.14,22.14,22.14,500
"1612",2014-05-30 12:20:00,22.13,22.13,22.12,22.12,2857
"1613",2014-05-30 12:28:00,22.1399,22.1399,22.1399,22.1399,140
"1614",2014-05-30 12:34:00,22.13,22.13,22.13,22.13,200
"1615",2014-05-30 12:35:00,22.13,22.13,22.13,22.13,125
"1616",2014-05-30 12:41:00,22.13,22.1345,22.13,22.13,1200
"1617",2014-05-30 12:45:00,22.13,22.13,22.13,22.13,100
"1618",2014-05-30 12:47:00,22.1301,22.1301,22.1301,22.1301,300
"1619",2014-05-30 13:18:00,22.11,22.1112,22.11,22.1112,800
"1620",2014-05-30 13:26:00,22.12,22.12,22.12,22.12,500
"1621",2014-05-30 13:43:00,22.11,22.11,22.11,22.11,400
"1622",2014-05-30 13:46:00,22.1,22.1,22.1,22.1,1600
"1623",2014-05-30 13:57:00,22.1,22.1,22.1,22.1,100
"1624",2014-05-30 14:07:00,22.1001,22.1001,22.1001,22.1001,191
"1625",2014-05-30 14:45:00,22.11,22.11,22.11,22.11,200
"1626",2014-05-30 15:09:00,22.116,22.116,22.116,22.116,108
"1627",2014-05-30 15:36:00,22.13,22.13,22.13,22.13,100
"1628",2014-05-30 15:42:00,22.13,22.13,22.13,22.13,200
"1629",2014-05-30 15:47:00,22.1216,22.1216,22.1216,22.1216,200
"1630",2014-05-30 15:52:00,22.13,22.13,22.1299,22.13,1200
"1631",2014-05-30 15:54:00,22.13,22.13,22.13,22.13,2500
"1632",2014-05-30 15:56:00,22.13,22.13,22.13,22.13,100
"1633",2014-05-30 15:57:00,22.1399,22.1399,22.1399,22.1399,300
"1634",2014-05-30 15:59:00,22.13,22.16,22.13,22.15,1470
