"","timestamp","open","high","low","close","volume"
"1",2025-03-11 09:30:00,246.33,246.33,246.33,246.33,2189
"2",2025-03-11 09:33:00,246.53,246.53,246.53,246.53,410
"3",2025-03-11 09:38:00,247.22,247.22,247.195,247.195,319
"4",2025-03-11 09:42:00,247.04,247.04,247.04,247.04,124
"5",2025-03-11 09:49:00,247.62,247.62,247.62,247.62,60452
"6",2025-03-11 09:51:00,247.575,247.575,247.575,247.575,218
"7",2025-03-11 10:00:00,246.5,246.5,246.5,246.5,414
"8",2025-03-11 10:01:00,247.565,247.7799,247.565,247.7799,1105
"9",2025-03-11 10:04:00,245.9,245.9,245.9,245.9,233
"10",2025-03-11 10:18:00,245.9928,245.9928,245.9928,245.9928,100
"11",2025-03-11 10:19:00,246.17,246.17,246.17,246.17,132
"12",2025-03-11 10:26:00,245.3286,245.3286,245.3286,245.3286,184
"13",2025-03-11 10:35:00,245.1164,245.1164,245.1164,245.1164,165
"14",2025-03-11 10:40:00,244.655,244.655,244.655,244.655,100
"15",2025-03-11 10:44:00,245,245,245,245,135
"16",2025-03-11 10:46:00,244.86,244.86,244.86,244.86,920
"17",2025-03-11 10:48:00,244.8835,244.8835,244.8835,244.8835,103
"18",2025-03-11 10:50:00,244.8,244.8,244.8,244.8,501
"19",2025-03-11 10:51:00,245.0313,245.0313,245.0313,245.0313,500
"20",2025-03-11 11:05:00,244.82,244.82,244.82,244.82,500
"21",2025-03-11 11:15:00,246.25,246.25,246.25,246.25,513
"22",2025-03-11 11:16:00,246.1019,246.1019,246.1019,246.1019,212
"23",2025-03-11 11:27:00,245.91,245.91,245.91,245.91,713
"24",2025-03-11 11:29:00,246.1494,246.1494,245.9943,245.9943,629
"25",2025-03-11 11:39:00,246.25,246.25,246.25,246.25,500
"26",2025-03-11 11:41:00,246.8,246.8,246.8,246.8,384
"27",2025-03-11 11:48:00,246.6692,246.6692,246.6692,246.6692,280
"28",2025-03-11 11:57:00,246.4461,246.4461,246.4461,246.4461,103
"29",2025-03-11 11:58:00,245.97,245.98,245.97,245.98,1308
"30",2025-03-11 12:35:00,245.3973,245.3973,245.3973,245.3973,250
"31",2025-03-11 13:02:00,244.42,244.42,244.42,244.42,260
"32",2025-03-11 13:06:00,244.19,244.19,244.19,244.19,285
"33",2025-03-11 13:09:00,244.3327,244.3327,244.3327,244.3327,371
"34",2025-03-11 13:20:00,244.28,244.28,244.1953,244.1953,311
"35",2025-03-11 13:30:00,243.85,243.91,243.85,243.91,880
"36",2025-03-11 13:37:00,243.6848,243.6848,243.6848,243.6848,155
"37",2025-03-11 13:38:00,243.65,243.65,243.65,243.65,6793
"38",2025-03-11 13:46:00,244.43,244.43,244.43,244.43,117
"39",2025-03-11 13:47:00,244.81,244.81,244.81,244.81,113
"40",2025-03-11 13:56:00,244.6173,244.6173,244.6173,244.6173,148
"41",2025-03-11 13:58:00,244.1,244.27,244.1,244.27,456
"42",2025-03-11 14:13:00,245.7535,245.7535,245.7535,245.7535,250
"43",2025-03-11 14:20:00,246.03,246.03,246.03,246.03,113
"44",2025-03-11 14:21:00,246.33,246.33,246.33,246.33,151
"45",2025-03-11 14:26:00,246.46,246.46,246.46,246.46,100
"46",2025-03-11 14:31:00,246.29,246.29,246.29,246.29,163
"47",2025-03-11 14:40:00,246.5324,246.5324,246.5324,246.5324,427
"48",2025-03-11 14:41:00,246.75,246.75,246.75,246.75,993
"49",2025-03-11 14:52:00,247.9,247.9,247.9,247.9,250
"50",2025-03-11 15:03:00,247.0935,247.0935,247.0935,247.0935,125
"51",2025-03-11 15:07:00,247.87,247.88,247.87,247.88,201
"52",2025-03-11 15:10:00,247.64,247.64,247.64,247.64,709
"53",2025-03-11 15:14:00,247.255,247.255,247.255,247.255,483
"54",2025-03-11 15:15:00,247,247,247,247,104
"55",2025-03-11 15:18:00,247.05,247.05,247.04,247.04,287
"56",2025-03-11 15:37:00,247.1051,247.1051,247.1051,247.1051,162
"57",2025-03-11 15:38:00,246.871,246.871,246.871,246.871,319
"58",2025-03-11 15:52:00,246.25,246.25,246.25,246.25,284
"59",2025-03-11 15:53:00,245.9302,245.97,245.9302,245.95,674
"60",2025-03-11 15:57:00,245.81,245.81,245.78,245.78,315
"61",2025-03-11 15:59:00,245.4,245.4,245.4,245.4,673
"62",2025-03-12 09:30:00,248.92,248.92,248.58,248.58,4064
"63",2025-03-12 09:52:00,247.35,247.35,247.35,247.35,477
"64",2025-03-12 09:56:00,246.44,246.44,246.44,246.44,166
"65",2025-03-12 10:03:00,246.32,246.32,246.32,246.32,143
"66",2025-03-12 10:23:00,246.695,246.695,246.695,246.695,1002
"67",2025-03-12 10:27:00,246.5491,246.5491,246.5491,246.5491,125
"68",2025-03-12 10:28:00,246.8638,246.8638,246.8638,246.8638,239
"69",2025-03-12 10:47:00,245.72,245.73,245.72,245.73,253
"70",2025-03-12 11:02:00,244.9983,244.9983,244.9983,244.9983,202
"71",2025-03-12 11:13:00,244.664,244.664,244.664,244.664,301
"72",2025-03-12 11:30:00,245.735,245.735,245.735,245.735,115
"73",2025-03-12 11:50:00,246.4828,246.4828,246.4828,246.4828,236
"74",2025-03-12 12:11:00,246.955,246.955,246.87,246.87,805
"75",2025-03-12 12:23:00,247.3835,247.3835,247.3835,247.3835,112
"76",2025-03-12 12:28:00,247.26,247.26,247.25,247.25,751
"77",2025-03-12 12:29:00,247.21,247.21,247.11,247.11,202
"78",2025-03-12 12:32:00,247.465,247.465,247.465,247.465,167
"79",2025-03-12 12:55:00,247.255,247.255,247.255,247.255,216
"80",2025-03-12 13:01:00,246.725,246.725,246.725,246.725,100
"81",2025-03-12 13:33:00,247.735,247.735,247.6824,247.6824,266
"82",2025-03-12 14:01:00,246.63,246.63,246.63,246.63,133
"83",2025-03-12 14:13:00,246.8799,246.8799,246.8799,246.8799,150
"84",2025-03-12 14:17:00,246.795,246.9,246.795,246.9,284
"85",2025-03-12 14:25:00,247.005,247.005,247.005,247.005,104
"86",2025-03-12 14:36:00,247.226,247.226,247.226,247.226,164
"87",2025-03-12 14:42:00,247.58,247.58,247.58,247.58,103
"88",2025-03-12 15:52:00,246.48,246.48,246.48,246.48,113
"89",2025-03-12 15:54:00,246.61,246.79,246.61,246.79,304
"90",2025-03-12 15:55:00,246.95,246.95,246.87,246.87,206
"91",2025-03-12 15:59:00,246.735,246.735,246.7,246.7,513
"92",2025-03-13 09:30:00,246.55,246.55,246.55,246.55,205
"93",2025-03-13 09:41:00,246.41,246.41,246.41,246.41,201
"94",2025-03-13 09:44:00,245.99,245.99,245.99,245.99,118
"95",2025-03-13 09:46:00,246,246,246,246,407
"96",2025-03-13 09:49:00,245.675,245.675,245.675,245.675,256
"97",2025-03-13 09:55:00,244.8999,244.8999,244.8999,244.8999,317
"98",2025-03-13 10:06:00,245.25,245.25,245.25,245.25,133
"99",2025-03-13 10:08:00,245.4372,245.4372,245.4372,245.4372,101
"100",2025-03-13 10:16:00,245.7355,245.7355,245.7355,245.7355,245
"101",2025-03-13 10:24:00,245.975,246.05,245.975,246.05,244
"102",2025-03-13 10:25:00,246.41,246.505,246.41,246.505,700
"103",2025-03-13 10:27:00,246.0575,246.0575,246.0575,246.0575,163
"104",2025-03-13 10:31:00,246.145,246.145,246.145,246.145,222
"105",2025-03-13 10:36:00,245.55,245.55,245.55,245.55,391
"106",2025-03-13 10:39:00,245.3,245.3,245.3,245.3,139
"107",2025-03-13 10:40:00,245.4253,245.4253,245.4253,245.4253,216
"108",2025-03-13 10:54:00,245.65,245.65,245.65,245.65,100
"109",2025-03-13 10:57:00,245.35,245.35,245.13,245.13,1974
"110",2025-03-13 10:58:00,245.08,245.08,245.08,245.08,1248
"111",2025-03-13 11:00:00,245.45,245.47,245.45,245.47,1014
"112",2025-03-13 11:10:00,244.78,244.78,244.78,244.78,246
"113",2025-03-13 11:11:00,245.01,245.01,244.86,245,479
"114",2025-03-13 11:18:00,244.8188,244.8188,244.8188,244.8188,183
"115",2025-03-13 11:20:00,244.73,244.73,244.73,244.73,105
"116",2025-03-13 11:24:00,244.6014,244.74,244.6014,244.74,460
"117",2025-03-13 11:25:00,244.74,244.74,244.74,244.74,916
"118",2025-03-13 11:33:00,244.55,244.55,244.55,244.55,158
"119",2025-03-13 11:42:00,243.99,243.99,243.99,243.99,394
"120",2025-03-13 11:44:00,244.69,244.69,244.69,244.69,116
"121",2025-03-13 11:52:00,243.845,243.845,243.845,243.845,108
"122",2025-03-13 11:57:00,243.69,243.69,243.69,243.69,1333
"123",2025-03-13 12:16:00,243.82,243.82,243.82,243.82,413
"124",2025-03-13 12:20:00,243.9736,243.9736,243.9736,243.9736,863
"125",2025-03-13 12:34:00,244.0966,244.0966,244.0966,244.0966,350
"126",2025-03-13 12:56:00,243.41,243.41,243.41,243.41,101
"127",2025-03-13 13:19:00,242.6376,242.6376,242.6376,242.6376,317
"128",2025-03-13 13:51:00,242.597,242.597,242.597,242.597,129
"129",2025-03-13 13:53:00,242.85,242.85,242.73,242.73,15555
"130",2025-03-13 13:55:00,242.76,242.76,242.76,242.76,112
"131",2025-03-13 13:57:00,242.575,242.575,242.575,242.575,394
"132",2025-03-13 14:04:00,242.93,242.93,242.93,242.93,100
"133",2025-03-13 14:13:00,243.63,243.63,243.63,243.63,100
"134",2025-03-13 14:17:00,243.4325,243.4325,243.4325,243.4325,185
"135",2025-03-13 14:18:00,243.4699,243.4699,243.4699,243.4699,2054
"136",2025-03-13 14:22:00,243.55,243.55,243.55,243.55,100
"137",2025-03-13 14:24:00,243.68,243.68,243.68,243.68,100
"138",2025-03-13 14:26:00,243.74,243.74,243.74,243.74,100
"139",2025-03-13 14:28:00,243.62,243.62,243.62,243.62,101
"140",2025-03-13 14:42:00,244.0264,244.0264,244.0264,244.0264,400
"141",2025-03-13 14:50:00,244.35,244.35,244.35,244.35,100
"142",2025-03-13 14:56:00,244.095,244.095,244.095,244.095,300
"143",2025-03-13 14:57:00,244.01,244.01,244.01,244.01,101
"144",2025-03-13 15:00:00,244.33,244.33,244.33,244.33,100
"145",2025-03-13 15:02:00,244.54,244.54,244.54,244.54,200
"146",2025-03-13 15:04:00,244.085,244.085,244.085,244.085,101
"147",2025-03-13 15:08:00,243.645,243.645,243.645,243.645,100
"148",2025-03-13 15:12:00,243.88,243.88,243.88,243.88,108
"149",2025-03-13 15:14:00,243.83,243.83,243.83,243.83,105
"150",2025-03-13 15:17:00,243.94,243.94,243.94,243.94,203
"151",2025-03-13 15:22:00,243.79,243.79,243.79,243.79,102
"152",2025-03-13 15:23:00,243.6401,243.6401,243.6401,243.6401,123
"153",2025-03-13 15:25:00,243.67,243.67,243.4,243.4,234
"154",2025-03-13 15:26:00,243.385,243.385,243.385,243.385,135
"155",2025-03-13 15:27:00,243.33,243.33,243.2,243.2,300
"156",2025-03-13 15:28:00,243.02,243.02,242.99,242.99,200
"157",2025-03-13 15:30:00,243.2645,243.2645,243.2645,243.2645,237
"158",2025-03-13 15:37:00,243.095,243.095,243.09,243.09,302
"159",2025-03-13 15:38:00,242.945,242.97,242.945,242.97,205
"160",2025-03-13 15:41:00,242.8913,242.99,242.8913,242.99,335
"161",2025-03-13 15:43:00,242.835,242.835,242.835,242.835,181
"162",2025-03-13 15:44:00,243.09,243.09,243.09,243.09,101
"163",2025-03-13 15:45:00,243.035,243.04,243.035,243.04,313
"164",2025-03-13 15:48:00,243.17,243.17,243.17,243.17,221
"165",2025-03-13 15:50:00,242.99,243.025,242.94,242.94,2591
"166",2025-03-13 15:51:00,242.89,242.89,242.74,242.74,2470
"167",2025-03-13 15:52:00,242.91,243.06,242.91,243.06,3197
"168",2025-03-13 15:53:00,243.09,243.145,242.94,242.96,4104
"169",2025-03-13 15:54:00,242.92,243.16,242.91,243.16,5149
"170",2025-03-13 15:55:00,243.14,243.14,243.14,243.14,303
"171",2025-03-13 15:58:00,243.06,243.06,243.06,243.06,3289
"172",2025-03-13 15:59:00,243.28,243.29,243.15,243.21,1366
"173",2025-03-14 09:30:00,245.25,245.25,245.25,245.25,530
"174",2025-03-14 09:33:00,245.39,245.39,245.39,245.39,856
"175",2025-03-14 09:34:00,245.45,245.45,245.45,245.45,200
"176",2025-03-14 09:37:00,246.28,246.33,246.28,246.31,504
"177",2025-03-14 09:38:00,246.38,246.39,246.15,246.23,3326
"178",2025-03-14 09:42:00,246.13,246.13,246.12,246.12,234
"179",2025-03-14 09:43:00,246.41,246.41,246.16,246.16,392
"180",2025-03-14 09:44:00,246.25,246.32,246.24,246.32,708
"181",2025-03-14 09:45:00,246.38,246.5,246.38,246.5,332
"182",2025-03-14 09:54:00,246.96,246.96,246.96,246.96,103
"183",2025-03-14 10:00:00,246.2,246.2,245.05,245.05,800
"184",2025-03-14 10:01:00,245.7,245.935,245.7,245.86,533
"185",2025-03-14 10:03:00,246.09,246.09,246.09,246.09,279
"186",2025-03-14 10:04:00,246.31,246.31,246.31,246.31,377
"187",2025-03-14 10:06:00,246.51,246.51,246.51,246.51,102
"188",2025-03-14 10:12:00,245.755,245.755,245.71,245.71,1189
"189",2025-03-14 10:14:00,245.8983,245.8983,245.8983,245.8983,590
"190",2025-03-14 10:20:00,245.37,245.37,245.37,245.37,100
"191",2025-03-14 11:10:00,247.47,247.47,247.47,247.47,100
"192",2025-03-14 11:11:00,247.5064,247.5064,247.5064,247.5064,554
"193",2025-03-14 11:19:00,247.66,247.66,247.66,247.66,476
"194",2025-03-14 11:20:00,247.59,247.59,247.59,247.59,101
"195",2025-03-14 11:23:00,247.7892,247.7892,247.7892,247.7892,150
"196",2025-03-14 11:26:00,247.65,247.65,247.65,247.65,100
"197",2025-03-14 11:27:00,247.65,247.65,247.61,247.61,200
"198",2025-03-14 11:32:00,248,248,248,248,355
"199",2025-03-14 11:40:00,247.94,247.94,247.94,247.94,103
"200",2025-03-14 11:42:00,248.08,248.08,248.08,248.08,135
"201",2025-03-14 11:43:00,248.1,248.1,248.1,248.1,237
"202",2025-03-14 11:45:00,248.04,248.04,247.86,247.86,350
"203",2025-03-14 11:47:00,247.82,247.82,247.8,247.8,2044
"204",2025-03-14 11:57:00,248.04,248.04,248.04,248.04,295
"205",2025-03-14 12:05:00,247.84,247.84,247.84,247.84,100
"206",2025-03-14 12:06:00,247.89,247.89,247.89,247.89,1490
"207",2025-03-14 12:21:00,247.74,247.74,247.74,247.74,465
"208",2025-03-14 12:34:00,247.3854,247.3854,247.3854,247.3854,126
"209",2025-03-14 12:49:00,247.895,247.895,247.895,247.895,2015
"210",2025-03-14 13:01:00,248.27,248.275,248.27,248.275,300
"211",2025-03-14 13:02:00,248.4899,248.4899,248.4899,248.4899,113
"212",2025-03-14 13:03:00,248.19,248.19,248.19,248.19,843
"213",2025-03-14 13:04:00,248.15,248.15,248.15,248.15,204
"214",2025-03-14 13:06:00,248.17,248.17,248.17,248.17,103
"215",2025-03-14 13:08:00,248.285,248.285,248.285,248.285,344
"216",2025-03-14 13:17:00,248.2845,248.2845,248.245,248.245,1132
"217",2025-03-14 14:17:00,247.6,247.6897,247.6,247.6897,542
"218",2025-03-14 15:09:00,248.28,248.28,248.28,248.28,443
"219",2025-03-14 15:40:00,247.91,247.91,247.91,247.91,273
"220",2025-03-14 15:46:00,248.1029,248.1029,248.1029,248.1029,563
"221",2025-03-14 15:47:00,248.14,248.14,248.14,248.14,103
"222",2025-03-14 15:49:00,248.18,248.27,248.18,248.27,3296
"223",2025-03-14 15:50:00,248.01,248.01,248.01,248.01,114
"224",2025-03-14 15:51:00,248.27,248.27,248.27,248.27,106
"225",2025-03-14 15:54:00,248.56,248.56,248.56,248.56,100
"226",2025-03-14 15:59:00,248.81,248.81,248.62,248.63,1527
"227",2025-03-17 09:30:00,248.15,248.15,248.15,248.15,904
"228",2025-03-17 09:36:00,249.84,249.8486,249.84,249.8486,641
"229",2025-03-17 09:37:00,249.705,249.705,249.705,249.705,105
"230",2025-03-17 09:43:00,250.165,250.165,250.165,250.165,122
"231",2025-03-17 10:13:00,249.85,249.85,249.85,249.85,109
"232",2025-03-17 10:22:00,249.76,249.76,249.76,249.76,101
"233",2025-03-17 10:40:00,249.67,249.67,249.67,249.67,165
"234",2025-03-17 10:43:00,249.7366,249.7366,249.7366,249.7366,143
"235",2025-03-17 10:44:00,249.84,249.84,249.84,249.84,144
"236",2025-03-17 10:50:00,249.58,249.58,249.58,249.58,7403
"237",2025-03-17 11:00:00,249.27,249.32,249.27,249.32,246
"238",2025-03-17 11:20:00,249.8299,249.8299,249.8299,249.8299,101
"239",2025-03-17 11:28:00,249.61,249.61,249.55,249.55,497
"240",2025-03-17 11:36:00,248.9888,248.9888,248.9888,248.9888,640
"241",2025-03-17 11:40:00,249.01,249.01,248.98,248.98,498
"242",2025-03-17 11:44:00,248.95,248.95,248.95,248.95,167
"243",2025-03-17 11:50:00,249.21,249.21,249.21,249.21,168
"244",2025-03-17 12:03:00,249.33,249.33,249.31,249.32,457
"245",2025-03-17 12:06:00,249.43,249.43,249.43,249.43,124
"246",2025-03-17 12:25:00,249.36,249.36,249.36,249.36,100
"247",2025-03-17 12:31:00,249.15,249.15,249.15,249.15,325
"248",2025-03-17 12:36:00,249.3866,249.3866,249.3866,249.3866,275
"249",2025-03-17 12:41:00,249.14,249.14,249.14,249.14,166
"250",2025-03-17 12:43:00,249.0604,249.0604,249.0604,249.0604,169
"251",2025-03-17 13:11:00,249.65,249.65,249.65,249.65,111
"252",2025-03-17 13:37:00,250.51,250.52,250.51,250.52,204
"253",2025-03-17 13:56:00,250.7804,250.7804,250.7804,250.7804,211
"254",2025-03-17 14:00:00,250.72,250.87,250.72,250.87,1027
"255",2025-03-17 14:15:00,251.16,251.16,251.16,251.16,101
"256",2025-03-17 14:27:00,251.3269,251.3269,251.3269,251.3269,278
"257",2025-03-17 14:31:00,251.3688,251.3688,251.3688,251.3688,161
"258",2025-03-17 14:38:00,251.429,251.429,251.429,251.429,150
"259",2025-03-17 15:01:00,251.5,251.5,251.5,251.5,260
"260",2025-03-17 15:03:00,251.485,251.485,251.485,251.485,530
"261",2025-03-17 15:07:00,251.69,251.69,251.6454,251.6454,976
"262",2025-03-17 15:09:00,251.435,251.435,251.435,251.435,200
"263",2025-03-17 15:11:00,251.22,251.22,251.22,251.22,143
"264",2025-03-17 15:13:00,251.36,251.36,251.36,251.36,3794
"265",2025-03-17 15:40:00,251.3562,251.3562,251.3562,251.3562,145
"266",2025-03-17 15:51:00,251.12,251.12,251.12,251.12,202
"267",2025-03-17 15:52:00,251.22,251.23,251.21,251.21,695
"268",2025-03-17 15:54:00,251.23,251.23,251.23,251.23,156
"269",2025-03-17 15:59:00,250.56,250.56,250.5,250.5,365
"270",2025-03-18 09:30:00,249.23,249.23,249.23,249.23,844
"271",2025-03-18 09:33:00,249.485,249.485,249.485,249.485,141
"272",2025-03-18 09:37:00,248.995,248.995,248.99,248.99,203
"273",2025-03-18 09:38:00,249,249,249,249,345
"274",2025-03-18 09:44:00,248.61,248.61,248.61,248.61,598
"275",2025-03-18 09:49:00,248.335,248.335,248.335,248.335,100
"276",2025-03-18 09:53:00,248.04,248.04,248.04,248.04,112
"277",2025-03-18 09:55:00,248.01,248.01,248.01,248.01,153
"278",2025-03-18 10:11:00,248.015,248.015,248.015,248.015,115
"279",2025-03-18 10:22:00,248.04,248.075,248.04,248.075,15320
"280",2025-03-18 10:55:00,248.16,248.16,248.16,248.16,721
"281",2025-03-18 11:34:00,247.56,247.56,247.56,247.56,260
"282",2025-03-18 11:52:00,247.294,247.294,247.294,247.294,492
"283",2025-03-18 12:04:00,247.3955,247.5776,247.3955,247.5776,849
"284",2025-03-18 12:16:00,247.85,247.85,247.85,247.85,100
"285",2025-03-18 12:30:00,248.16,248.16,248.16,248.16,148
"286",2025-03-18 12:32:00,248.2291,248.2291,248.2291,248.2291,127
"287",2025-03-18 12:51:00,247.3932,247.3932,247.3932,247.3932,136
"288",2025-03-18 13:16:00,248.0055,248.0055,248.0055,248.0055,850
"289",2025-03-18 13:19:00,247.56,247.56,247.305,247.47,1045
"290",2025-03-18 13:29:00,247.6618,247.6618,247.6618,247.6618,177
"291",2025-03-18 13:39:00,248.145,248.145,248.145,248.145,216
"292",2025-03-18 13:52:00,248.04,248.04,248.04,248.04,100
"293",2025-03-18 13:55:00,248.035,248.035,248.035,248.035,1971
"294",2025-03-18 14:06:00,247.42,247.42,247.42,247.42,155
"295",2025-03-18 14:13:00,247.5395,247.5395,247.5395,247.5395,200
"296",2025-03-18 14:15:00,247.425,247.425,247.425,247.425,151
"297",2025-03-18 14:41:00,247.925,247.925,247.925,247.925,125
"298",2025-03-18 14:49:00,248.21,248.21,248.21,248.21,785
"299",2025-03-18 14:50:00,248.17,248.21,248.17,248.21,229
"300",2025-03-18 14:52:00,248.4794,248.4794,248.4794,248.4794,101
"301",2025-03-18 15:05:00,247.9,247.9,247.9,247.9,101
"302",2025-03-18 15:19:00,248.12,248.12,248.12,248.12,102
"303",2025-03-18 15:27:00,248.1,248.1,248.1,248.1,145
"304",2025-03-18 15:28:00,248.01,248.01,248.01,248.01,550
"305",2025-03-18 15:33:00,248.115,248.115,248.115,248.115,229
"306",2025-03-18 15:36:00,248,248,248,248,401
"307",2025-03-18 15:39:00,247.9511,247.9511,247.9511,247.9511,211
"308",2025-03-18 15:47:00,247.58,247.58,247.58,247.58,181
"309",2025-03-18 15:51:00,247.75,247.75,247.75,247.75,136
"310",2025-03-18 15:54:00,248.12,248.12,247.81,247.81,588
"311",2025-03-18 15:55:00,247.845,247.845,247.84,247.84,262
"312",2025-03-18 15:59:00,247.9,247.9,247.9,247.9,396
"313",2025-03-19 09:30:00,248.59,248.59,248.59,248.59,248
"314",2025-03-19 09:34:00,248.89,248.895,248.89,248.895,414
"315",2025-03-19 09:35:00,248.77,248.77,248.77,248.77,188
"316",2025-03-19 09:37:00,248.55,248.6,248.55,248.6,401
"317",2025-03-19 09:39:00,248.75,248.77,248.75,248.77,289
"318",2025-03-19 09:47:00,248.785,248.785,248.75,248.75,601
"319",2025-03-19 09:48:00,248.75,248.82,248.75,248.78,4963
"320",2025-03-19 09:57:00,249.22,249.22,249.22,249.22,145
"321",2025-03-19 09:58:00,249.12,249.13,249.03,249.09,2500
"322",2025-03-19 09:59:00,249.05,249.05,249,249.02,4245
"323",2025-03-19 10:02:00,249.41,249.41,249.26,249.26,302
"324",2025-03-19 10:08:00,249.543,249.543,249.543,249.543,261
"325",2025-03-19 10:14:00,249.44,249.46,249.44,249.44,2791
"326",2025-03-19 10:15:00,249.48,249.5,249.46,249.48,5687
"327",2025-03-19 10:26:00,249.7017,249.7017,249.7017,249.7017,145
"328",2025-03-19 10:36:00,249.56,249.56,249.56,249.56,121
"329",2025-03-19 10:42:00,249.1884,249.1884,249.1884,249.1884,129
"330",2025-03-19 11:35:00,249.63,249.63,249.63,249.63,194
"331",2025-03-19 11:56:00,250.1964,250.1964,250.1964,250.1964,113
"332",2025-03-19 11:58:00,250.106,250.106,250.106,250.106,1128
"333",2025-03-19 12:02:00,250.12,250.12,250.12,250.12,500
"334",2025-03-19 12:12:00,250.06,250.06,250.06,250.06,1039
"335",2025-03-19 12:18:00,249.86,249.86,249.85,249.85,232
"336",2025-03-19 12:39:00,249.98,249.98,249.98,249.98,659
"337",2025-03-19 12:40:00,249.701,249.701,249.701,249.701,317
"338",2025-03-19 13:00:00,249.78,249.78,249.78,249.78,201
"339",2025-03-19 13:26:00,249.2199,249.2199,249.2199,249.2199,125
"340",2025-03-19 14:15:00,249.975,249.975,249.975,249.975,111
"341",2025-03-19 14:22:00,249.765,249.765,249.765,249.765,261
"342",2025-03-19 14:53:00,251.2,251.2,251.2,251.2,600
"343",2025-03-19 15:05:00,251.75,251.75,251.75,251.75,722
"344",2025-03-19 15:11:00,252.13,252.13,252.13,252.13,261
"345",2025-03-19 15:18:00,251.8,251.8,251.8,251.8,100
"346",2025-03-19 15:21:00,251.4025,251.4025,251.4025,251.4025,114
"347",2025-03-19 15:37:00,251.0947,251.0947,251.0947,251.0947,251
"348",2025-03-19 15:40:00,251.15,251.15,251.15,251.15,262
"349",2025-03-19 15:50:00,251.25,251.25,251.25,251.25,100
"350",2025-03-19 15:56:00,250.63,250.63,250.63,250.63,100
"351",2025-03-19 15:59:00,250.61,250.61,250.61,250.61,517
"352",2025-03-20 09:30:00,249.48,249.48,249.48,249.48,503
"353",2025-03-20 09:33:00,249.355,249.68,249.355,249.68,217
"354",2025-03-20 09:43:00,250.09,250.12,250.09,250.12,200
"355",2025-03-20 09:44:00,249.8,249.8,249.8,249.8,186
"356",2025-03-20 09:53:00,250.31,250.31,250.31,250.31,381
"357",2025-03-20 10:02:00,251.21,251.21,251.21,251.21,101
"358",2025-03-20 10:09:00,251.35,251.35,251.35,251.35,142
"359",2025-03-20 10:15:00,251.3969,251.3969,251.3969,251.3969,186
"360",2025-03-20 10:24:00,251.735,251.735,251.735,251.735,155
"361",2025-03-20 10:26:00,251.9349,251.9349,251.9349,251.9349,198
"362",2025-03-20 10:32:00,251.7999,251.7999,251.7999,251.7999,120
"363",2025-03-20 10:37:00,251.95,251.95,251.95,251.95,420
"364",2025-03-20 10:55:00,251.9343,251.9343,251.9343,251.9343,791
"365",2025-03-20 10:56:00,251.85,251.87,251.85,251.87,697
"366",2025-03-20 10:59:00,251.83,251.85,251.83,251.85,273
"367",2025-03-20 11:01:00,251.695,251.695,251.695,251.695,100
"368",2025-03-20 11:03:00,251.67,251.67,251.67,251.67,117
"369",2025-03-20 11:10:00,251.72,251.72,251.72,251.72,164
"370",2025-03-20 11:24:00,251.63,251.63,251.62,251.62,300
"371",2025-03-20 11:46:00,251.65,251.72,251.65,251.67,2682
"372",2025-03-20 11:50:00,251.66,251.715,251.66,251.715,232
"373",2025-03-20 11:51:00,251.86,251.88,251.82,251.82,812
"374",2025-03-20 11:52:00,251.78,251.82,251.76,251.82,1500
"375",2025-03-20 11:53:00,251.82,251.86,251.81,251.86,1745
"376",2025-03-20 12:02:00,251.4,251.4,251.4,251.4,830
"377",2025-03-20 12:04:00,251.5,251.51,251.465,251.51,670
"378",2025-03-20 12:10:00,251.15,251.15,251.1116,251.13,797
"379",2025-03-20 12:11:00,250.95,250.96,250.95,250.96,616
"380",2025-03-20 12:19:00,250.91,250.91,250.91,250.91,100
"381",2025-03-20 12:26:00,250.72,250.72,250.72,250.72,100
"382",2025-03-20 12:28:00,250.54,250.62,250.54,250.62,432
"383",2025-03-20 13:02:00,250.41,250.41,250.41,250.41,100
"384",2025-03-20 13:10:00,250.6818,250.6818,250.6818,250.6818,121
"385",2025-03-20 13:12:00,250.7,250.7,250.7,250.7,200
"386",2025-03-20 13:15:00,250.64,250.64,250.64,250.64,108
"387",2025-03-20 13:27:00,249.85,249.85,249.85,249.85,104
"388",2025-03-20 13:37:00,250.03,250.03,250.01,250.01,200
"389",2025-03-20 13:38:00,250.14,250.15,250.14,250.15,972
"390",2025-03-20 13:39:00,250.185,250.29,250.185,250.29,3083
"391",2025-03-20 13:54:00,250.02,250.02,250.02,250.02,100
"392",2025-03-20 14:19:00,250.122,250.122,250.122,250.122,200
"393",2025-03-20 14:42:00,249.58,249.58,249.58,249.58,114
"394",2025-03-20 14:47:00,249.45,249.45,249.45,249.45,166
"395",2025-03-20 14:52:00,250.05,250.05,250.05,250.05,100
"396",2025-03-20 14:56:00,250.15,250.16,250.15,250.16,789
"397",2025-03-20 14:57:00,250.15,250.17,250.14,250.1499,3366
"398",2025-03-20 15:00:00,250.005,250.01,250.005,250.01,300
"399",2025-03-20 15:01:00,250.07,250.08,250.07,250.07,1449
"400",2025-03-20 15:24:00,250.3627,250.37,250.3627,250.37,814
"401",2025-03-20 15:30:00,249.81,249.81,249.81,249.81,101
"402",2025-03-20 15:40:00,249.88,250.035,249.88,250.035,511
"403",2025-03-20 15:41:00,250.2,250.2,250.1287,250.1287,286
"404",2025-03-20 15:51:00,250.27,250.31,250.27,250.308,426
"405",2025-03-20 15:52:00,250.15,250.16,250.15,250.16,504
"406",2025-03-20 15:55:00,250.37,250.37,250.37,250.37,120
"407",2025-03-20 15:56:00,250.31,250.31,250.27,250.27,582
"408",2025-03-20 15:57:00,250.25,250.25,250.15,250.21,927
"409",2025-03-20 15:58:00,250.24,250.24,250.16,250.16,629
"410",2025-03-20 15:59:00,250.11,250.11,250.1,250.1,1991
"411",2025-03-21 09:30:00,247.72,247.72,247.72,247.72,363
"412",2025-03-21 09:40:00,247.8221,247.8221,247.8221,247.8221,112
"413",2025-03-21 09:44:00,248.265,248.43,248.25,248.25,544
"414",2025-03-21 09:47:00,248.07,248.07,248.07,248.07,103
"415",2025-03-21 09:53:00,247.856,247.856,247.856,247.856,277
"416",2025-03-21 10:13:00,247.87,247.87,247.87,247.87,959
"417",2025-03-21 10:16:00,247.89,247.89,247.89,247.89,4000
"418",2025-03-21 10:23:00,248.46,248.46,248.46,248.46,1754
"419",2025-03-21 10:33:00,248.41,248.41,248.41,248.41,2878
"420",2025-03-21 10:38:00,248.31,248.31,248.31,248.31,447
"421",2025-03-21 11:02:00,249.1276,249.1276,249.1276,249.1276,553
"422",2025-03-21 11:20:00,248.29,248.31,248.29,248.3,1444
"423",2025-03-21 11:36:00,248.4246,248.4246,248.4246,248.4246,205
"424",2025-03-21 12:00:00,248.25,248.25,248.25,248.25,139
"425",2025-03-21 12:01:00,248.31,248.32,248.31,248.32,291
"426",2025-03-21 12:02:00,247.91,247.91,247.91,247.91,498
"427",2025-03-21 12:14:00,249,249,249,249,433
"428",2025-03-21 12:16:00,248.95,248.95,248.95,248.95,100
"429",2025-03-21 12:34:00,249.4836,249.4836,249.4836,249.4836,778
"430",2025-03-21 12:39:00,249.11,249.11,249.11,249.11,225
"431",2025-03-21 12:40:00,249.305,249.305,249.305,249.305,100
"432",2025-03-21 12:41:00,249.39,249.39,249.39,249.39,1155
"433",2025-03-21 12:42:00,249.385,249.385,249.385,249.385,100
"434",2025-03-21 12:45:00,249.198,249.198,249.198,249.198,100
"435",2025-03-21 12:48:00,249.6388,249.6388,249.6388,249.6388,141
"436",2025-03-21 13:18:00,249.4864,249.4864,249.4864,249.4864,400
"437",2025-03-21 13:19:00,249.45,249.45,249.45,249.45,101
"438",2025-03-21 13:25:00,249.56,249.57,249.49,249.51,11362
"439",2025-03-21 13:29:00,249.21,249.21,249.13,249.13,2929
"440",2025-03-21 13:46:00,249.9299,249.9299,249.9299,249.9299,174
"441",2025-03-21 13:51:00,249.8765,249.8765,249.8765,249.8765,483
"442",2025-03-21 14:01:00,249.6827,249.6827,249.6827,249.6827,335
"443",2025-03-21 14:36:00,249.4961,249.4961,249.4961,249.4961,401
"444",2025-03-21 15:17:00,249.21,249.21,249.21,249.21,118
"445",2025-03-21 15:32:00,249.28,249.28,249.28,249.28,100
"446",2025-03-21 15:59:00,250.39,250.39,250.19,250.19,760
"447",2025-03-24 09:30:00,253.74,253.74,253.74,253.74,3177
"448",2025-03-24 09:33:00,253.135,253.135,253.135,253.135,1663
"449",2025-03-24 09:36:00,253.48,253.48,253.48,253.48,153
"450",2025-03-24 09:45:00,253.905,253.905,253.905,253.905,104
"451",2025-03-24 09:50:00,254.175,254.175,254.175,254.175,134
"452",2025-03-24 09:51:00,254.14,254.14,254.14,254.14,124
"453",2025-03-24 09:52:00,254.15,254.15,254.15,254.15,108
"454",2025-03-24 09:54:00,254.215,254.22,254.215,254.22,205
"455",2025-03-24 10:20:00,254.1087,254.1087,254.1087,254.1087,4585
"456",2025-03-24 10:22:00,254.27,254.27,254.1801,254.24,4572
"457",2025-03-24 10:23:00,254.44,254.44,254.44,254.44,101
"458",2025-03-24 10:35:00,254.2291,254.2291,254.2291,254.2291,197
"459",2025-03-24 10:39:00,254.31,254.31,254.31,254.31,173
"460",2025-03-24 11:02:00,254.27,254.27,254.27,254.27,288
"461",2025-03-24 11:45:00,254.39,254.39,254.39,254.39,222
"462",2025-03-24 12:57:00,254.3008,254.3008,254.3008,254.3008,150
"463",2025-03-24 13:06:00,254.29,254.29,254.29,254.29,269
"464",2025-03-24 13:25:00,254.0569,254.0569,254.0569,254.0569,258
"465",2025-03-24 13:37:00,254.3999,254.3999,254.3999,254.3999,200
"466",2025-03-24 14:34:00,253.915,253.915,253.915,253.915,394
"467",2025-03-24 14:35:00,253.81,253.81,253.81,253.81,100
"468",2025-03-24 14:46:00,254.31,254.31,254.29,254.29,472
"469",2025-03-24 14:52:00,254.48,254.48,254.48,254.48,131
"470",2025-03-24 15:12:00,254.665,254.665,254.665,254.665,287
"471",2025-03-24 15:20:00,254.68,254.68,254.68,254.68,101
"472",2025-03-24 15:43:00,254.86,254.86,254.86,254.86,102
"473",2025-03-24 15:54:00,255.25,255.25,255.25,255.25,130
"474",2025-03-24 15:55:00,255.15,255.15,255.15,255.15,100
"475",2025-03-24 15:59:00,254.84,254.84,254.84,254.84,228
"476",2025-03-25 09:30:00,254.46,254.46,254.46,254.46,828
"477",2025-03-25 09:31:00,254.854,254.854,254.854,254.854,105
"478",2025-03-25 09:43:00,254.2,254.2,254.2,254.2,754
"479",2025-03-25 09:53:00,254.24,254.26,254.24,254.26,203
"480",2025-03-25 09:55:00,254.46,254.51,254.46,254.51,294
"481",2025-03-25 09:56:00,254.24,254.24,254.22,254.22,712
"482",2025-03-25 10:07:00,254.2552,254.2552,254.2552,254.2552,261
"483",2025-03-25 10:16:00,254.6283,254.6283,254.6283,254.6283,165
"484",2025-03-25 10:17:00,254.5095,254.5095,254.5095,254.5095,360
"485",2025-03-25 10:26:00,254.7099,254.7099,254.7099,254.7099,135
"486",2025-03-25 10:36:00,254.79,254.79,254.67,254.67,737
"487",2025-03-25 10:47:00,255.0199,255.0199,255.0199,255.0199,266
"488",2025-03-25 10:57:00,254.91,254.91,254.8,254.8,343
"489",2025-03-25 11:31:00,254.54,254.54,254.54,254.54,100
"490",2025-03-25 11:36:00,254.59,254.6399,254.59,254.6399,1594
"491",2025-03-25 12:35:00,254.0788,254.0788,254.0788,254.0788,300
"492",2025-03-25 13:06:00,254.49,254.49,254.49,254.49,160
"493",2025-03-25 14:12:00,254.14,254.14,254.14,254.14,642
"494",2025-03-25 15:36:00,253.691,253.691,253.691,253.691,250
"495",2025-03-25 15:59:00,254.39,254.4,254.39,254.4,254
"496",2025-03-26 09:30:00,254.34,254.34,254.09,254.09,668
"497",2025-03-26 09:49:00,254.32,254.32,254.32,254.32,129
"498",2025-03-26 09:54:00,253.95,253.95,253.95,253.95,737
"499",2025-03-26 10:02:00,253.96,253.96,253.96,253.96,119
"500",2025-03-26 10:13:00,253.6104,253.6104,253.6104,253.6104,167
"501",2025-03-26 10:20:00,253.45,253.45,253.45,253.45,447
"502",2025-03-26 10:30:00,253.54,253.54,253.54,253.54,100
"503",2025-03-26 10:34:00,253.59,253.59,253.59,253.59,157
"504",2025-03-26 10:39:00,253.63,253.63,253.63,253.63,100
"505",2025-03-26 10:42:00,253.6789,253.6789,253.6789,253.6789,127
"506",2025-03-26 10:43:00,253.46,253.535,253.46,253.535,301
"507",2025-03-26 10:44:00,253.63,253.63,253.63,253.63,160
"508",2025-03-26 10:51:00,253.64,253.64,253.64,253.64,174
"509",2025-03-26 11:10:00,253.7591,253.7591,253.7591,253.7591,140
"510",2025-03-26 11:18:00,253.45,253.45,253.39,253.39,4439
"511",2025-03-26 11:19:00,253.39,253.39,253.39,253.39,2484
"512",2025-03-26 11:21:00,253.37,253.37,253.3405,253.3405,395
"513",2025-03-26 11:23:00,253.3,253.3,253.3,253.3,116
"514",2025-03-26 11:33:00,253.155,253.155,253.155,253.155,276
"515",2025-03-26 11:49:00,252.71,252.72,252.67,252.67,10615
"516",2025-03-26 11:50:00,252.65,252.65,252.65,252.65,220
"517",2025-03-26 11:53:00,252.305,252.305,252.305,252.305,100
"518",2025-03-26 12:12:00,252.39,252.48,252.235,252.235,11400
"519",2025-03-26 12:15:00,252.1031,252.1031,252.1031,252.1031,793
"520",2025-03-26 12:18:00,252.18,252.18,252.18,252.18,2956
"521",2025-03-26 12:46:00,252.175,252.175,252.175,252.175,340
"522",2025-03-26 13:08:00,251.805,251.805,251.805,251.805,102
"523",2025-03-26 13:27:00,251.5656,251.5656,251.5656,251.5656,301
"524",2025-03-26 13:28:00,251.54,251.54,251.455,251.455,326
"525",2025-03-26 13:39:00,251.1062,251.1062,251.1062,251.1062,112
"526",2025-03-26 13:43:00,251.48,251.48,251.48,251.48,168
"527",2025-03-26 13:56:00,251.1501,251.225,251.1501,251.225,290
"528",2025-03-26 14:03:00,251.105,251.17,251.105,251.17,296
"529",2025-03-26 14:08:00,251.0983,251.27,251.0983,251.27,424
"530",2025-03-26 14:36:00,251.5244,251.5244,251.5244,251.5244,202
"531",2025-03-26 14:44:00,251.16,251.18,251.16,251.18,263
"532",2025-03-26 14:55:00,250.84,250.84,250.84,250.84,201
"533",2025-03-26 15:18:00,251.1173,251.12,251.09,251.1173,2142
"534",2025-03-26 15:39:00,251.1211,251.1211,251.08,251.08,1120
"535",2025-03-26 15:46:00,251.25,251.25,251.25,251.25,120
"536",2025-03-26 15:51:00,251.5758,251.5758,251.5758,251.5758,194
"537",2025-03-26 15:54:00,251.6,251.6,251.6,251.6,125
"538",2025-03-26 15:55:00,251.5338,251.5338,251.5338,251.5338,484
"539",2025-03-26 15:59:00,251.61,251.61,251.53,251.59,726
"540",2025-03-27 09:30:00,250.85,250.85,250.7,250.7,2762
"541",2025-03-27 09:32:00,250.9305,250.9305,250.9305,250.9305,1367
"542",2025-03-27 09:33:00,250.7499,250.7499,250.46,250.46,11063
"543",2025-03-27 09:37:00,250,250,250,250,154
"544",2025-03-27 09:38:00,250.12,250.12,250.12,250.12,143
"545",2025-03-27 09:54:00,250.68,250.68,250.68,250.68,700
"546",2025-03-27 10:00:00,251.5705,251.5705,251.5705,251.5705,2145
"547",2025-03-27 10:03:00,251.23,251.23,251.23,251.23,120
"548",2025-03-27 10:17:00,251.1182,251.1182,251.1182,251.1182,141
"549",2025-03-27 10:29:00,251.65,251.65,251.65,251.65,134
"550",2025-03-27 10:30:00,251.8082,251.8082,251.8082,251.8082,413
"551",2025-03-27 11:16:00,252.085,252.085,251.9709,251.9709,527
"552",2025-03-27 11:30:00,251.621,251.621,251.621,251.621,1965
"553",2025-03-27 12:41:00,251.205,251.34,251.13,251.34,5528
"554",2025-03-27 12:47:00,251,251,251,251,333
"555",2025-03-27 13:16:00,251.06,251.06,251.06,251.06,1223
"556",2025-03-27 13:59:00,250.2233,250.2233,250.2233,250.2233,103
"557",2025-03-27 14:05:00,250.7433,250.7433,250.7433,250.7433,526
"558",2025-03-27 14:11:00,250.7757,250.7757,250.7757,250.7757,203
"559",2025-03-27 15:14:00,251.2401,251.2401,251.2401,251.2401,100
"560",2025-03-27 15:47:00,251.2,251.2,251.2,251.2,100
"561",2025-03-28 09:30:00,249.55,249.55,249.55,249.55,199
"562",2025-03-28 09:43:00,249.91,249.98,249.91,249.98,1276
"563",2025-03-28 09:47:00,249.79,249.79,249.79,249.79,154
"564",2025-03-28 10:23:00,247.5,247.5,247.5,247.5,113
"565",2025-03-28 10:41:00,246.99,246.99,246.99,246.99,286
"566",2025-03-28 10:47:00,246.7578,246.7578,246.7578,246.7578,122
"567",2025-03-28 10:54:00,246.84,246.84,246.84,246.84,661
"568",2025-03-28 11:10:00,246.62,246.62,246.62,246.62,700
"569",2025-03-28 11:11:00,246.7315,246.7315,246.7315,246.7315,177
"570",2025-03-28 11:12:00,246.59,246.59,246.59,246.59,406
"571",2025-03-28 11:30:00,246.61,246.61,246.61,246.61,120
"572",2025-03-28 12:00:00,246.3,246.3,246.3,246.3,500
"573",2025-03-28 12:15:00,246.375,246.375,246.375,246.375,119
"574",2025-03-28 12:19:00,245.94,245.94,245.94,245.94,153893
"575",2025-03-28 12:20:00,245.89,245.89,245.89,245.89,119
"576",2025-03-28 12:25:00,245.89,245.89,245.89,245.89,115
"577",2025-03-28 12:34:00,245.97,245.97,245.97,245.97,526
"578",2025-03-28 12:37:00,246.0814,246.0814,246.0814,246.0814,108
"579",2025-03-28 13:01:00,245.5001,245.5001,245.5001,245.5001,1854
"580",2025-03-28 13:15:00,245.29,245.29,245.29,245.29,143
"581",2025-03-28 13:26:00,245.25,245.25,245.25,245.25,142
"582",2025-03-28 13:49:00,245.3,245.3,245.3,245.3,144
"583",2025-03-28 13:57:00,245.54,245.54,245.54,245.54,112
"584",2025-03-28 14:01:00,245.8,245.8,245.8,245.8,110
"585",2025-03-28 14:24:00,245.4687,245.4687,245.4687,245.4687,100
"586",2025-03-28 14:40:00,245.358,245.358,245.358,245.358,100
"587",2025-03-28 14:50:00,245.23,245.23,245.23,245.23,397
"588",2025-03-28 14:52:00,245.3,245.3,245.3,245.3,132
"589",2025-03-28 14:56:00,245.4999,245.4999,245.4999,245.4999,2103
"590",2025-03-28 15:11:00,245.5946,245.5946,245.5946,245.5946,2637
"591",2025-03-28 15:43:00,245.0988,245.13,245.0988,245.13,490
"592",2025-03-28 15:50:00,245.34,245.34,245.34,245.34,150
"593",2025-03-28 15:51:00,245.418,245.418,245.418,245.418,104
"594",2025-03-28 15:55:00,245.67,245.67,245.64,245.64,220
"595",2025-03-28 15:57:00,245.62,245.62,245.62,245.62,137
"596",2025-03-28 15:59:00,245.48,245.49,245.44,245.49,830
"597",2025-03-31 09:30:00,242.1,242.1,242.1,242.1,778
"598",2025-03-31 09:32:00,242.2967,242.2967,242.2967,242.2967,613
"599",2025-03-31 09:33:00,242.335,242.335,242.335,242.335,421
"600",2025-03-31 09:36:00,242.247,242.247,242.247,242.247,297
"601",2025-03-31 09:38:00,242.11,242.11,242.11,242.11,200
"602",2025-03-31 09:44:00,241.64,241.65,241.64,241.65,257
"603",2025-03-31 10:03:00,243.105,243.105,243.105,243.105,100
"604",2025-03-31 10:04:00,243.0693,243.0693,243.0693,243.0693,182
"605",2025-03-31 10:13:00,243.0848,243.0848,243.0848,243.0848,176
"606",2025-03-31 10:29:00,242.5695,242.5695,242.5695,242.5695,239
"607",2025-03-31 10:37:00,243.185,243.185,243.185,243.185,107
"608",2025-03-31 10:39:00,243.3585,243.3585,243.3585,243.3585,341
"609",2025-03-31 10:43:00,243.09,243.09,243.09,243.09,110
"610",2025-03-31 10:58:00,243.34,243.34,243.34,243.34,106
"611",2025-03-31 11:02:00,243.7531,243.7531,243.7531,243.7531,133
"612",2025-03-31 11:04:00,243.62,243.62,243.62,243.62,586
"613",2025-03-31 11:07:00,243.735,243.735,243.735,243.735,652
"614",2025-03-31 11:15:00,243.495,243.495,243.495,243.495,340
"615",2025-03-31 12:23:00,244.105,244.105,244.105,244.105,123
"616",2025-03-31 12:24:00,244.1697,244.1697,244.1697,244.1697,279
"617",2025-03-31 12:31:00,244.44,244.44,244.44,244.44,101
"618",2025-03-31 13:03:00,244.34,244.34,244.34,244.34,100
"619",2025-03-31 13:27:00,244.0586,244.0586,244.0586,244.0586,265
"620",2025-03-31 13:29:00,244.26,244.26,244.26,244.26,104
"621",2025-03-31 13:44:00,244.0164,244.0164,244.0164,244.0164,151
"622",2025-03-31 13:50:00,244.0975,244.0975,244.0975,244.0975,100
"623",2025-03-31 13:51:00,244.35,244.35,244.35,244.35,200
"624",2025-03-31 14:04:00,244.6992,244.6992,244.6992,244.6992,194
"625",2025-03-31 14:07:00,245.0011,245.0011,245.0011,245.0011,506
"626",2025-03-31 14:12:00,245.775,245.775,245.775,245.775,597
"627",2025-03-31 14:39:00,246.0695,246.08,246.0695,246.08,786
"628",2025-03-31 14:45:00,245.76,245.76,245.76,245.76,343
"629",2025-03-31 15:35:00,246.56,246.56,246.56,246.56,139
"630",2025-03-31 15:40:00,246.5555,246.5555,246.5555,246.5555,429
"631",2025-03-31 15:44:00,247.045,247.045,247.045,247.045,251
"632",2025-03-31 15:46:00,247.02,247.02,247.02,247.02,300
"633",2025-03-31 15:50:00,246.8,247.005,246.795,246.795,1527
"634",2025-03-31 15:53:00,246.32,246.32,246.32,246.32,2430
"635",2025-03-31 15:54:00,246.27,246.745,246.27,246.745,201
"636",2025-03-31 15:57:00,246.72,246.72,246.72,246.72,116
"637",2025-03-31 15:58:00,246.84,246.84,246.84,246.84,195
"638",2025-03-31 15:59:00,246.54,246.595,246.41,246.595,893
"639",2025-04-01 09:30:00,245.85,245.85,245.85,245.85,244
"640",2025-04-01 09:43:00,245.3904,245.3904,245.3904,245.3904,247
"641",2025-04-01 09:48:00,246.16,246.16,246.16,246.16,100
"642",2025-04-01 10:06:00,245.25,245.25,245.25,245.25,200
"643",2025-04-01 10:09:00,245,245,245,245,105
"644",2025-04-01 10:23:00,244.7882,244.7882,244.7882,244.7882,160
"645",2025-04-01 10:24:00,244.815,244.815,244.815,244.815,128
"646",2025-04-01 10:38:00,245.29,245.54,245.29,245.54,816
"647",2025-04-01 10:46:00,246.0072,246.0072,246.0072,246.0072,500
"648",2025-04-01 10:56:00,246.6576,246.6576,246.6576,246.6576,263
"649",2025-04-01 11:38:00,247.505,247.505,247.505,247.505,157
"650",2025-04-01 12:01:00,247.935,247.935,247.935,247.935,123
"651",2025-04-01 12:04:00,248.07,248.07,248.07,248.07,314
"652",2025-04-01 12:41:00,247,247,247,247,102
"653",2025-04-01 12:49:00,247.115,247.115,247.115,247.115,150
"654",2025-04-01 13:35:00,246.8096,246.8096,246.8096,246.8096,1463
"655",2025-04-01 13:58:00,246.745,246.745,246.745,246.745,602
"656",2025-04-01 14:03:00,246.15,246.15,246.15,246.15,130
"657",2025-04-01 14:04:00,246.045,246.1109,246.045,246.1109,379
"658",2025-04-01 14:19:00,245.8308,245.8308,245.8308,245.8308,787
"659",2025-04-01 14:22:00,245.61,245.61,245.61,245.61,1624
"660",2025-04-01 14:29:00,245.63,245.63,245.63,245.63,257
"661",2025-04-01 14:36:00,245.78,245.78,245.78,245.78,406
"662",2025-04-01 14:48:00,245.55,245.55,245.55,245.55,101
"663",2025-04-01 15:21:00,246.4419,246.4419,246.4419,246.4419,119
"664",2025-04-01 15:39:00,246.9116,246.9116,246.9116,246.9116,262
"665",2025-04-01 15:49:00,247.19,247.19,247.19,247.19,325
"666",2025-04-01 15:54:00,247.37,247.37,247.37,247.37,101
"667",2025-04-01 15:56:00,247.57,247.57,247.57,247.57,100
"668",2025-04-01 15:57:00,247.49,247.49,247.49,247.49,100
"669",2025-04-01 15:58:00,247.55,247.55,247.55,247.55,156
"670",2025-04-01 15:59:00,247.45,247.45,247.45,247.45,274
"671",2025-04-02 09:30:00,244.67,244.67,244.67,244.67,323
"672",2025-04-02 09:36:00,245.94,245.94,245.94,245.94,101
"673",2025-04-02 09:41:00,246.675,246.675,246.675,246.675,219
"674",2025-04-02 09:46:00,246.99,246.99,246.99,246.99,130
"675",2025-04-02 09:51:00,247.11,247.11,247.11,247.11,101
"676",2025-04-02 09:56:00,246.71,246.71,246.71,246.71,102
"677",2025-04-02 10:03:00,247.395,247.395,247.395,247.395,179
"678",2025-04-02 10:06:00,247.42,247.42,247.42,247.42,100
"679",2025-04-02 10:07:00,247.12,247.12,247.12,247.12,100
"680",2025-04-02 10:16:00,247.09,247.09,247.09,247.09,100
"681",2025-04-02 10:21:00,247.37,247.37,247.37,247.37,102
"682",2025-04-02 10:22:00,247.03,247.03,247.03,247.03,252
"683",2025-04-02 10:47:00,247.91,247.91,247.91,247.91,100
"684",2025-04-02 10:55:00,247.86,247.95,247.74,247.92,3665
"685",2025-04-02 11:15:00,247.8887,247.8887,247.8887,247.8887,109
"686",2025-04-02 11:24:00,248.41,248.54,248.41,248.54,775
"687",2025-04-02 11:39:00,248.875,248.875,248.875,248.875,263
"688",2025-04-02 11:45:00,248.37,248.37,248.37,248.37,197
"689",2025-04-02 11:51:00,247.975,247.975,247.975,247.975,100
"690",2025-04-02 12:21:00,249.045,249.045,249.045,249.045,116
"691",2025-04-02 12:22:00,249.04,249.04,249.04,249.04,122
"692",2025-04-02 12:26:00,249.0199,249.0199,249.0199,249.0199,214
"693",2025-04-02 12:31:00,249.1674,249.1674,249.1674,249.1674,145
"694",2025-04-02 12:32:00,249.36,249.36,249.36,249.36,100
"695",2025-04-02 12:42:00,249.2,249.2,249.2,249.2,100
"696",2025-04-02 12:52:00,249.97,249.97,249.97,249.97,377
"697",2025-04-02 12:54:00,249.85,249.86,249.85,249.86,530
"698",2025-04-02 13:04:00,250.039,250.039,250.039,250.039,131
"699",2025-04-02 13:13:00,250.544,250.544,250.544,250.544,289
"700",2025-04-02 13:24:00,250.16,250.16,250.16,250.16,238
"701",2025-04-02 13:42:00,249.5793,249.5793,249.49,249.49,874
"702",2025-04-02 13:44:00,249.31,249.31,249.31,249.31,120
"703",2025-04-02 14:03:00,249.24,249.24,249.24,249.24,141
"704",2025-04-02 14:17:00,248.53,248.53,248.53,248.53,170
"705",2025-04-02 14:21:00,248.51,248.51,248.51,248.51,100
"706",2025-04-02 14:28:00,248.3199,248.3199,248.23,248.23,238
"707",2025-04-02 14:33:00,248.1,248.1,248.1,248.1,100
"708",2025-04-02 14:41:00,248.9979,248.9979,248.9979,248.9979,115
"709",2025-04-02 14:43:00,248.9699,248.9699,248.91,248.91,1826
"710",2025-04-02 14:44:00,248.89,248.89,248.89,248.89,173
"711",2025-04-02 14:49:00,248.68,248.68,248.68,248.68,162
"712",2025-04-02 14:56:00,248.5699,248.5699,248.53,248.56,2322
"713",2025-04-02 15:01:00,248.2563,248.28,248.2563,248.28,249
"714",2025-04-02 15:19:00,248.0925,248.16,248.0925,248.16,295
"715",2025-04-02 15:22:00,248.28,248.28,248.28,248.28,138
"716",2025-04-02 15:30:00,248.7,248.7,248.55,248.6,1919
"717",2025-04-02 15:44:00,249.39,249.4,249.39,249.4,456
"718",2025-04-02 15:54:00,249.72,249.72,249.69,249.69,203
"719",2025-04-02 15:55:00,249.74,249.74,249.72,249.72,917
"720",2025-04-02 15:56:00,249.77,249.77,249.77,249.77,248
"721",2025-04-02 15:58:00,249.76,249.76,249.76,249.76,347
"722",2025-04-02 15:59:00,249.71,249.71,249.53,249.53,910
"723",2025-04-03 09:30:00,241.52,241.52,241.52,241.52,5790
"724",2025-04-03 09:35:00,241.505,241.505,241.505,241.505,183
"725",2025-04-03 09:41:00,241.21,241.21,241.21,241.21,242
"726",2025-04-03 09:52:00,241.0962,241.0962,241.0962,241.0962,234
"727",2025-04-03 09:54:00,240.4179,240.4179,240.4179,240.4179,292
"728",2025-04-03 10:03:00,239.63,239.63,239.63,239.63,260
"729",2025-04-03 10:08:00,239.77,239.77,239.77,239.77,194
"730",2025-04-03 10:10:00,239.4349,239.4349,239.4349,239.4349,304
"731",2025-04-03 10:11:00,239.22,239.22,239.22,239.22,261
"732",2025-04-03 10:13:00,239,239,238.97,238.97,707
"733",2025-04-03 10:16:00,239.2075,239.2075,239.2075,239.2075,155
"734",2025-04-03 10:17:00,239.5,239.5,239.5,239.5,216
"735",2025-04-03 10:30:00,239.47,239.47,239.47,239.47,102
"736",2025-04-03 10:35:00,239.0157,239.0157,239.0157,239.0157,127
"737",2025-04-03 10:37:00,238.99,239.005,238.99,239.005,252
"738",2025-04-03 10:41:00,238.752,238.752,238.752,238.752,159
"739",2025-04-03 10:45:00,238.8825,238.8825,238.8825,238.8825,631
"740",2025-04-03 10:49:00,238.5828,238.5828,238.22,238.22,1367
"741",2025-04-03 10:54:00,237.955,237.955,237.955,237.955,836
"742",2025-04-03 11:08:00,237.94,237.94,237.94,237.94,175
"743",2025-04-03 11:10:00,237.945,238.08,237.84,237.84,682
"744",2025-04-03 11:11:00,238.13,238.29,238.13,238.29,236
"745",2025-04-03 11:16:00,238.89,238.89,238.89,238.89,175
"746",2025-04-03 11:19:00,238.7904,238.7904,238.7904,238.7904,2352
"747",2025-04-03 11:23:00,238.8,238.8,238.8,238.8,134
"748",2025-04-03 11:25:00,238.62,238.62,238.62,238.62,163
"749",2025-04-03 11:30:00,238.715,238.715,238.715,238.715,138
"750",2025-04-03 11:31:00,238.79,238.79,238.79,238.79,126
"751",2025-04-03 11:32:00,238.89,238.89,238.89,238.89,300
"752",2025-04-03 11:40:00,239.54,239.585,239.41,239.45,1348
"753",2025-04-03 11:43:00,239.869,239.869,239.69,239.69,501
"754",2025-04-03 11:47:00,239.1242,239.1242,239.1242,239.1242,306
"755",2025-04-03 11:50:00,239.24,239.24,239.12,239.12,688
"756",2025-04-03 11:51:00,238.99,238.99,238.83,238.83,1007
"757",2025-04-03 11:56:00,239.475,239.5799,239.475,239.5799,2612
"758",2025-04-03 12:05:00,239.98,240.05,239.74,239.75,4580
"759",2025-04-03 12:07:00,239.905,239.95,239.8,239.93,4582
"760",2025-04-03 12:09:00,239.8295,239.8295,239.775,239.775,1682
"761",2025-04-03 12:17:00,240.44,240.49,240.43,240.49,2951
"762",2025-04-03 12:18:00,240.46,240.51,240.46,240.51,3617
"763",2025-04-03 12:20:00,240.57,240.58,240.5,240.55,1714
"764",2025-04-03 12:22:00,240.5435,240.5435,240.5435,240.5435,105
"765",2025-04-03 12:24:00,240.6207,240.6207,240.6207,240.6207,120
"766",2025-04-03 12:27:00,240.3,240.3,240.3,240.3,414
"767",2025-04-03 12:36:00,239.9656,239.9656,239.9656,239.9656,521
"768",2025-04-03 12:37:00,239.98,239.98,239.98,239.98,279
"769",2025-04-03 12:38:00,239.93,239.93,239.93,239.93,101
"770",2025-04-03 12:40:00,240.1,240.1,240.1,240.1,106
"771",2025-04-03 12:45:00,240.07,240.07,240.07,240.07,111
"772",2025-04-03 12:48:00,240.1463,240.1463,240.1463,240.1463,125
"773",2025-04-03 12:55:00,239.5999,239.5999,239.5999,239.5999,2462
"774",2025-04-03 13:00:00,239.6637,239.6637,239.6637,239.6637,443
"775",2025-04-03 13:02:00,239.66,239.66,239.66,239.66,100
"776",2025-04-03 13:05:00,239.65,239.65,239.65,239.65,208
"777",2025-04-03 13:08:00,239.81,239.81,239.81,239.81,474
"778",2025-04-03 13:13:00,239.51,239.51,239.51,239.51,295
"779",2025-04-03 13:20:00,239.61,239.61,239.61,239.61,260
"780",2025-04-03 13:39:00,239.4611,239.57,239.4611,239.57,715
"781",2025-04-03 13:41:00,239.53,239.61,239.53,239.61,201
"782",2025-04-03 13:42:00,239.6189,239.6189,239.47,239.47,489
"783",2025-04-03 13:51:00,239.316,239.33,239.316,239.33,354
"784",2025-04-03 13:56:00,239.05,239.05,238.9201,239.03,1583
"785",2025-04-03 13:58:00,239.02,239.02,239.02,239.02,341
"786",2025-04-03 14:00:00,239.095,239.095,239.095,239.095,173
"787",2025-04-03 14:04:00,238.8891,238.8891,238.8891,238.8891,304
"788",2025-04-03 14:05:00,238.81,238.81,238.81,238.81,143
"789",2025-04-03 14:08:00,238.64,238.64,238.64,238.64,102
"790",2025-04-03 14:18:00,238.33,238.33,238.33,238.33,217
"791",2025-04-03 14:21:00,238.345,238.345,238.345,238.345,487
"792",2025-04-03 14:28:00,238.1933,238.1933,238.1933,238.1933,203
"793",2025-04-03 14:31:00,238.2,238.2,238.2,238.2,121
"794",2025-04-03 14:33:00,238.47,238.47,238.38,238.38,1045
"795",2025-04-03 14:37:00,238.5418,238.5418,238.5418,238.5418,744
"796",2025-04-03 14:47:00,238.94,238.94,238.94,238.94,398
"797",2025-04-03 14:48:00,239.08,239.08,239.08,239.08,935
"798",2025-04-03 14:52:00,239.05,239.05,239.05,239.05,100
"799",2025-04-03 14:56:00,238.72,238.72,238.72,238.72,102
"800",2025-04-03 15:09:00,238.79,238.79,238.79,238.79,210
"801",2025-04-03 15:15:00,238.44,238.44,238.44,238.44,100
"802",2025-04-03 15:22:00,237.9152,237.9152,237.8,237.8,785
"803",2025-04-03 15:25:00,237.76,237.76,237.67,237.67,328
"804",2025-04-03 15:29:00,237.68,237.68,237.68,237.68,107
"805",2025-04-03 15:30:00,237.58,237.58,237.58,237.58,217
"806",2025-04-03 15:34:00,237.3988,237.3988,237.3988,237.3988,380
"807",2025-04-03 15:37:00,237.39,237.39,237.39,237.39,105
"808",2025-04-03 15:38:00,237.46,237.46,237.46,237.46,178
"809",2025-04-03 15:40:00,237.59,237.59,237.59,237.59,300
"810",2025-04-03 15:42:00,237.61,237.61,237.61,237.61,521
"811",2025-04-03 15:45:00,237.79,237.79,237.79,237.79,658
"812",2025-04-03 15:46:00,237.37,237.37,237.37,237.37,140
"813",2025-04-03 15:48:00,237.33,237.33,237.33,237.33,101
"814",2025-04-03 15:49:00,237.24,237.24,237.24,237.24,226
"815",2025-04-03 15:50:00,237.14,237.14,237.14,237.14,593
"816",2025-04-03 15:51:00,237.2729,237.28,237.2729,237.28,3359
"817",2025-04-03 15:52:00,237.26,237.26,237.16,237.16,443
"818",2025-04-03 15:56:00,237.27,237.27,237.27,237.27,490
"819",2025-04-03 15:57:00,237.17,237.17,237.15,237.15,251
"820",2025-04-03 15:58:00,237.16,237.16,237.16,237.16,101
"821",2025-04-03 15:59:00,236.725,236.99,236.6901,236.99,2727
"822",2025-04-04 09:30:00,229.91,230.96,229.91,230.96,1000
"823",2025-04-04 09:35:00,230.1,230.1,230.1,230.1,296
"824",2025-04-04 09:39:00,229.26,229.435,229.26,229.435,501
"825",2025-04-04 09:40:00,229,229,229,229,312
"826",2025-04-04 09:44:00,229.1,229.1,229.1,229.1,150
"827",2025-04-04 09:46:00,229.0796,229.0796,229.0796,229.0796,229
"828",2025-04-04 09:47:00,229.81,229.81,229.81,229.81,782
"829",2025-04-04 09:48:00,229.85,229.85,229.85,229.85,705
"830",2025-04-04 09:51:00,229.53,229.53,229.53,229.53,705
"831",2025-04-04 09:53:00,229.94,229.94,229.94,229.94,138
"832",2025-04-04 09:56:00,229.41,229.69,229.41,229.69,893
"833",2025-04-04 09:57:00,229.5202,229.5202,229.5202,229.5202,117
"834",2025-04-04 09:59:00,230.33,230.33,230.33,230.33,222
"835",2025-04-04 10:00:00,230,230,230,230,100
"836",2025-04-04 10:09:00,228.57,228.57,228.57,228.57,683
"837",2025-04-04 10:10:00,228.515,228.515,228.515,228.515,411
"838",2025-04-04 10:18:00,227.83,227.83,227.83,227.83,1908
"839",2025-04-04 10:21:00,228.1882,228.1882,228.1882,228.1882,438
"840",2025-04-04 10:32:00,226.91,226.91,226.91,226.91,214
"841",2025-04-04 10:33:00,227.05,227.05,227.05,227.05,395
"842",2025-04-04 11:02:00,227.98,227.98,227.98,227.98,305
"843",2025-04-04 11:03:00,228.51,228.51,228.51,228.51,2050
"844",2025-04-04 11:08:00,227.91,227.91,227.91,227.91,255
"845",2025-04-04 11:13:00,229.6733,229.6733,229.6733,229.6733,118
"846",2025-04-04 11:17:00,229.76,229.76,229.76,229.76,246
"847",2025-04-04 11:25:00,229.26,229.26,228.54,228.54,828
"848",2025-04-04 11:27:00,228.01,228.05,228.01,228.05,209
"849",2025-04-04 11:29:00,227.81,227.81,227.5,227.5,614
"850",2025-04-04 11:30:00,227.665,227.665,227.665,227.665,309
"851",2025-04-04 11:32:00,227.23,227.23,227.23,227.23,181
"852",2025-04-04 11:37:00,226.38,226.42,226.38,226.4,905
"853",2025-04-04 11:38:00,226.6445,226.7133,226.6445,226.7133,683
"854",2025-04-04 11:43:00,227.345,227.345,227.345,227.345,230
"855",2025-04-04 11:45:00,227.08,227.08,227.08,227.08,294
"856",2025-04-04 11:52:00,227.54,227.54,227.54,227.54,427
"857",2025-04-04 11:55:00,227.55,227.6,227.55,227.6,1397
"858",2025-04-04 11:58:00,227,227.075,227,227.075,861
"859",2025-04-04 12:10:00,227.36,227.36,227.36,227.36,738
"860",2025-04-04 12:12:00,227.1267,227.1267,226.995,226.995,888
"861",2025-04-04 12:19:00,225.83,225.83,225.83,225.83,112
"862",2025-04-04 12:33:00,225.23,225.23,225.22,225.22,805
"863",2025-04-04 12:34:00,225.16,225.16,225.16,225.16,220
"864",2025-04-04 12:36:00,225.9063,225.9063,225.7649,225.7649,259
"865",2025-04-04 12:37:00,225.82,225.82,225.8,225.8,413
"866",2025-04-04 12:38:00,226.225,226.225,226.225,226.225,939
"867",2025-04-04 12:47:00,225.4599,225.4599,225.431,225.4599,8395
"868",2025-04-04 12:49:00,225.38,225.38,225.38,225.38,733
"869",2025-04-04 12:58:00,225.83,225.83,225.83,225.83,100
"870",2025-04-04 13:06:00,225.5084,225.5084,225.395,225.395,1310
"871",2025-04-04 13:12:00,224.865,224.865,224.865,224.865,265
"872",2025-04-04 13:20:00,224.3482,224.3482,224.3482,224.3482,225
"873",2025-04-04 13:23:00,224.5428,224.5428,224.5428,224.5428,407
"874",2025-04-04 13:30:00,225.01,225.01,224.885,224.885,911
"875",2025-04-04 13:32:00,224.89,224.89,224.89,224.89,774
"876",2025-04-04 13:34:00,225.44,225.44,225.44,225.44,700
"877",2025-04-04 13:35:00,225.185,225.185,225.185,225.185,720
"878",2025-04-04 13:37:00,225.9759,225.9759,225.9759,225.9759,4569
"879",2025-04-04 13:39:00,226.0756,226.0756,226.0756,226.0756,283
"880",2025-04-04 13:48:00,226.3556,226.5382,226.315,226.4605,11571
"881",2025-04-04 13:53:00,226.4,226.4,226.4,226.4,150
"882",2025-04-04 14:00:00,226.89,226.89,226.89,226.89,100
"883",2025-04-04 14:02:00,226.835,227.1621,226.835,227.1621,1276
"884",2025-04-04 14:04:00,226.925,226.925,226.925,226.925,921
"885",2025-04-04 14:08:00,226.14,226.14,226.1008,226.1008,22591
"886",2025-04-04 14:09:00,225.885,225.885,225.885,225.885,611
"887",2025-04-04 14:12:00,225.645,225.645,225.645,225.645,857
"888",2025-04-04 14:18:00,225.0551,225.0551,225.0551,225.0551,138
"889",2025-04-04 14:35:00,224.3,224.3,224.3,224.3,199
"890",2025-04-04 14:38:00,223.5316,223.5316,223.5316,223.5316,112
"891",2025-04-04 14:40:00,223.62,223.62,223.62,223.62,151
"892",2025-04-04 14:42:00,223.3982,223.485,223.3982,223.485,658
"893",2025-04-04 14:44:00,222.99,222.99,222.99,222.99,1519
"894",2025-04-04 14:56:00,224.04,224.04,223.9801,223.9801,2502
"895",2025-04-04 14:59:00,223.6336,223.6336,223.6336,223.6336,539
"896",2025-04-04 15:02:00,223.52,223.61,223.52,223.61,2750
"897",2025-04-04 15:04:00,223.43,223.443,223.4105,223.443,1443
"898",2025-04-04 15:11:00,224.3392,224.3392,224.3392,224.3392,2244
"899",2025-04-04 15:17:00,224.515,224.515,224.515,224.515,736
"900",2025-04-04 15:18:00,224.035,224.035,223.7237,223.915,3487
"901",2025-04-04 15:19:00,223.76,224.005,223.76,223.9291,4326
"902",2025-04-04 15:22:00,224.54,225,224.54,225,1907
"903",2025-04-04 15:27:00,224.83,224.83,224.83,224.83,754
"904",2025-04-04 15:28:00,225.265,225.265,225.265,225.265,100
"905",2025-04-04 15:31:00,225.2695,225.2695,225.2695,225.2695,1342
"906",2025-04-04 15:33:00,225.845,226.12,225.845,225.864,3391
"907",2025-04-04 15:34:00,225.9042,225.9042,225.9042,225.9042,1043
"908",2025-04-04 15:38:00,226.24,226.24,226.24,226.24,116
"909",2025-04-04 15:39:00,225.6705,225.6705,225.6705,225.6705,215
"910",2025-04-04 15:40:00,225.92,225.92,225.92,225.92,199
"911",2025-04-04 15:45:00,226.2523,226.2523,226.01,226.01,1082
"912",2025-04-04 15:46:00,225.6517,225.6517,225.6517,225.6517,182
"913",2025-04-04 15:48:00,224.87,224.87,224.87,224.87,704
"914",2025-04-04 15:50:00,224.66,224.66,224.2215,224.2215,2525
"915",2025-04-04 15:51:00,224.22,224.24,224.22,224.24,401
"916",2025-04-04 15:52:00,224,224,223.98,223.98,523
"917",2025-04-04 15:53:00,223.68,223.68,223.68,223.68,2260
"918",2025-04-04 15:54:00,223.45,223.45,223.45,223.45,274
"919",2025-04-04 15:55:00,223.1,223.1,223.1,223.1,129
"920",2025-04-04 15:58:00,223.06,223.06,223.06,223.06,366
"921",2025-04-04 15:59:00,223.1,223.16,223.1,223.16,605
"922",2025-04-07 09:30:00,214.43,215.71,214.43,215.4187,11237
"923",2025-04-07 09:31:00,214.96,215,214.6003,215,1764
"924",2025-04-07 09:32:00,214.6403,214.6403,214.6403,214.6403,242
"925",2025-04-07 09:33:00,214.845,214.845,214.845,214.845,716
"926",2025-04-07 09:34:00,214.5,214.5,214.5,214.5,198
"927",2025-04-07 09:35:00,214.17,214.17,214.17,214.17,107
"928",2025-04-07 09:36:00,214.185,214.37,213.86,213.88,5735
"929",2025-04-07 09:38:00,213.25,213.25,213.25,213.25,1023
"930",2025-04-07 09:39:00,213.2141,213.3501,213.19,213.3501,3042
"931",2025-04-07 09:40:00,214.16,214.16,213.35,213.35,1972
"932",2025-04-07 09:41:00,213.735,213.735,213.735,213.735,301
"933",2025-04-07 09:42:00,213.11,213.11,213.11,213.11,892
"934",2025-04-07 09:46:00,213.14,213.38,213.14,213.34,1277
"935",2025-04-07 09:47:00,214.02,214.695,214.02,214.695,590
"936",2025-04-07 09:48:00,214.58,214.74,214.58,214.74,1494
"937",2025-04-07 09:49:00,215.17,215.17,215.17,215.17,195
"938",2025-04-07 09:50:00,214.93,214.93,214.93,214.93,317
"939",2025-04-07 09:51:00,215.7595,215.7595,215.7595,215.7595,378
"940",2025-04-07 09:52:00,215.5999,216.2971,215.5999,216.2971,486
"941",2025-04-07 09:53:00,216.34,216.54,216.34,216.54,1411
"942",2025-04-07 09:54:00,217.04,217.04,216.77,216.77,878
"943",2025-04-07 09:55:00,216.97,216.97,216.97,216.97,488
"944",2025-04-07 10:00:00,219.09,219.09,219.09,219.09,148
"945",2025-04-07 10:01:00,218.51,218.51,218.44,218.44,1174
"946",2025-04-07 10:02:00,218.06,218.06,218.06,218.06,183
"947",2025-04-07 10:03:00,218.2878,218.2878,218.2878,218.2878,108
"948",2025-04-07 10:04:00,218.29,218.29,218.29,218.29,141
"949",2025-04-07 10:05:00,218.66,218.66,218.66,218.66,703
"950",2025-04-07 10:06:00,218.76,218.76,218.74,218.74,965
"951",2025-04-07 10:10:00,218.27,219.15,218.0902,219.15,1214
"952",2025-04-07 10:11:00,221.6964,224.13,221.6964,223.91,3682
"953",2025-04-07 10:14:00,226.79,227.13,226.19,226.47,1637
"954",2025-04-07 10:15:00,227.36,227.36,227.36,227.36,745
"955",2025-04-07 10:16:00,229.4,229.4,229.4,229.4,701
"956",2025-04-07 10:18:00,228.8,228.8,227.81,227.81,1146
"957",2025-04-07 10:21:00,225.23,225.73,225.23,225.33,1271
"958",2025-04-07 10:22:00,224.77,224.77,224.77,224.77,198
"959",2025-04-07 10:23:00,221.89,221.89,221.89,221.89,102
"960",2025-04-07 10:24:00,220.99,220.99,220.6,220.7,1593
"961",2025-04-07 10:25:00,221.21,221.22,221.21,221.22,335
"962",2025-04-07 10:26:00,222.0568,222.0607,222.0568,222.0607,213
"963",2025-04-07 10:27:00,221.73,222.08,221.73,221.79,2100
"964",2025-04-07 10:28:00,220.79,220.79,220.79,220.79,746
"965",2025-04-07 10:29:00,219.89,219.89,219.84,219.84,1015
"966",2025-04-07 10:31:00,219.99,219.99,219.99,219.99,1462
"967",2025-04-07 10:32:00,220.4416,220.4416,220.4416,220.4416,132
"968",2025-04-07 10:33:00,221.2382,222.23,221.2382,222.23,813
"969",2025-04-07 10:34:00,220.9,220.9,220.685,220.69,1331
"970",2025-04-07 10:36:00,219.21,219.32,219.16,219.16,1534
"971",2025-04-07 10:37:00,219.21,219.21,219.12,219.12,808
"972",2025-04-07 10:38:00,218.53,218.53,218.53,218.53,754
"973",2025-04-07 10:39:00,218.1,218.1,218.1,218.1,781
"974",2025-04-07 10:40:00,218.26,218.56,218.26,218.56,2316
"975",2025-04-07 10:43:00,218.8,219.32,218.8,219.32,1420
"976",2025-04-07 10:44:00,219.5,220.465,219.5,220.465,1500
"977",2025-04-07 10:46:00,221.165,221.165,220.64,220.64,1402
"978",2025-04-07 10:48:00,220.2568,220.2568,220.2568,220.2568,103
"979",2025-04-07 10:50:00,222.0585,222.0585,222.0585,222.0585,323
"980",2025-04-07 10:51:00,221.92,221.92,221.92,221.92,701
"981",2025-04-07 10:53:00,222.33,222.33,222.33,222.33,700
"982",2025-04-07 10:55:00,224,224,224,224,780
"983",2025-04-07 10:56:00,223.43,223.43,223.43,223.43,839
"984",2025-04-07 10:58:00,223.17,223.17,223.17,223.17,743
"985",2025-04-07 11:00:00,223.36,223.36,223.36,223.36,215
"986",2025-04-07 11:04:00,224.34,224.34,224.34,224.34,719
"987",2025-04-07 11:10:00,221.36,221.98,221.36,221.98,800
"988",2025-04-07 11:11:00,221.74,221.74,221.74,221.74,722
"989",2025-04-07 11:13:00,221.95,221.95,221.95,221.95,750
"990",2025-04-07 11:14:00,222.17,222.17,222.17,222.17,864
"991",2025-04-07 11:15:00,217.92,218.22,217.92,218.22,470
"992",2025-04-07 11:16:00,218.23,218.74,218.23,218.74,1215
"993",2025-04-07 11:17:00,219.56,219.56,218.79,218.79,1063
"994",2025-04-07 11:18:00,219.27,219.27,219.27,219.27,897
"995",2025-04-07 11:20:00,220.09,220.09,219.85,219.85,1312
"996",2025-04-07 11:21:00,220.6,220.6,219.3866,219.3866,1599
"997",2025-04-07 11:25:00,218.17,218.17,218.17,218.17,163
"998",2025-04-07 11:26:00,218.39,218.4,217.78,217.78,1582
"999",2025-04-07 11:27:00,217.83,218.1,217.83,218.08,179851
"1000",2025-04-07 11:30:00,218.18,218.18,218.18,218.18,159
"1001",2025-04-07 11:31:00,218.5,218.5,218.5,218.5,758
"1002",2025-04-07 11:33:00,219.1,219.1,218.85,218.85,1539
"1003",2025-04-07 11:35:00,219.1952,219.1952,219.1952,219.1952,136
"1004",2025-04-07 11:36:00,219.74,219.74,219.74,219.74,715
"1005",2025-04-07 11:38:00,220.38,220.38,220.38,220.38,186
"1006",2025-04-07 11:39:00,220.14,220.14,220.14,220.14,862
"1007",2025-04-07 11:40:00,221,221,221,221,700
"1008",2025-04-07 11:43:00,221.66,221.66,221.66,221.66,704
"1009",2025-04-07 11:45:00,221.99,221.99,221.66,221.66,1600
"1010",2025-04-07 11:47:00,221,221,221,221,510
"1011",2025-04-07 11:48:00,221.24,221.24,221.24,221.24,700
"1012",2025-04-07 11:49:00,221.54,221.54,221.54,221.54,788
"1013",2025-04-07 11:50:00,221.94,221.94,221.85,221.85,536
"1014",2025-04-07 11:51:00,221.56,221.56,221.56,221.56,758
"1015",2025-04-07 11:55:00,220.63,220.63,220.63,220.63,800
"1016",2025-04-07 11:56:00,220.77,220.77,220.77,220.77,238
"1017",2025-04-07 11:57:00,220.89,220.89,220.89,220.89,228
"1018",2025-04-07 11:58:00,220.6,220.6,220.6,220.6,274
"1019",2025-04-07 11:59:00,220.39,220.39,220.37,220.37,938
"1020",2025-04-07 12:00:00,219.5636,220.03,219.5636,220.03,912
"1021",2025-04-07 12:03:00,219.9957,219.9957,219.9957,219.9957,504
"1022",2025-04-07 12:05:00,220.01,220.01,220.01,220.01,568
"1023",2025-04-07 12:14:00,219.1,219.1,219.1,219.1,700
"1024",2025-04-07 12:15:00,219.38,219.38,219.17,219.17,368
"1025",2025-04-07 12:17:00,219.47,219.47,219.47,219.47,120
"1026",2025-04-07 12:18:00,218.7899,218.7899,218.7899,218.7899,3726
"1027",2025-04-07 12:19:00,219.09,219.09,219.09,219.09,277
"1028",2025-04-07 12:20:00,218.9978,218.9978,218.9978,218.9978,498
"1029",2025-04-07 12:21:00,218.56,218.56,218.56,218.56,277
"1030",2025-04-07 12:23:00,218.655,218.655,218.655,218.655,456
"1031",2025-04-07 12:24:00,218.85,219.29,218.85,219.29,508
"1032",2025-04-07 12:26:00,219.61,220.56,219.61,220.56,16343
"1033",2025-04-07 12:27:00,220.11,220.11,220,220,450
"1034",2025-04-07 12:30:00,220.24,220.56,220.24,220.51,2081
"1035",2025-04-07 12:32:00,220.7251,220.7251,220.7251,220.7251,188
"1036",2025-04-07 12:33:00,221.05,221.05,220.745,220.745,1700
"1037",2025-04-07 12:34:00,220.85,220.85,220.85,220.85,2005
"1038",2025-04-07 12:36:00,220.6104,220.6104,220.4879,220.4879,550
"1039",2025-04-07 12:41:00,220.38,220.38,220.38,220.38,1990
"1040",2025-04-07 12:42:00,219.785,219.785,219.785,219.785,107
"1041",2025-04-07 12:44:00,219.65,219.65,219.65,219.65,158
"1042",2025-04-07 12:45:00,219.14,219.14,219.14,219.14,120
"1043",2025-04-07 12:47:00,218.944,219.0565,218.944,219.0565,551
"1044",2025-04-07 12:48:00,219.05,219.05,219.05,219.05,672
"1045",2025-04-07 12:53:00,219.05,219.05,219.05,219.05,1625
"1046",2025-04-07 12:56:00,218.925,218.925,218.925,218.925,266
"1047",2025-04-07 13:00:00,220.78,221.51,220.78,221.51,984
"1048",2025-04-07 13:01:00,221.08,221.08,220.99,220.99,1713
"1049",2025-04-07 13:02:00,220.31,220.31,220.31,220.31,374
"1050",2025-04-07 13:03:00,219.87,219.87,219.87,219.87,1032
"1051",2025-04-07 13:05:00,219.43,219.43,219.43,219.43,330
"1052",2025-04-07 13:06:00,218.81,218.81,218.81,218.81,129
"1053",2025-04-07 13:07:00,218.92,218.92,218.92,218.92,287
"1054",2025-04-07 13:09:00,219.15,219.15,219.15,219.15,202
"1055",2025-04-07 13:10:00,219.55,219.55,219.55,219.55,105
"1056",2025-04-07 13:11:00,219.2387,219.2387,219.2387,219.2387,239
"1057",2025-04-07 13:12:00,220.01,220.01,219.795,219.795,590
"1058",2025-04-07 13:17:00,221.41,221.525,221.4,221.525,1237
"1059",2025-04-07 13:18:00,221.56,221.56,221.56,221.56,144
"1060",2025-04-07 13:19:00,221.99,222.09,221.99,222.09,986
"1061",2025-04-07 13:25:00,222.1499,222.1499,222.1499,222.1499,1144
"1062",2025-04-07 13:27:00,221.86,221.86,221.86,221.86,216
"1063",2025-04-07 13:28:00,222.05,222.05,222.05,222.05,386
"1064",2025-04-07 13:29:00,222.838,222.838,222.838,222.838,1256
"1065",2025-04-07 13:30:00,222.95,222.95,222.95,222.95,1813
"1066",2025-04-07 13:32:00,221.67,221.67,221.67,221.67,753
"1067",2025-04-07 13:35:00,222.03,222.03,222.03,222.03,201
"1068",2025-04-07 13:36:00,222.48,223.11,222.48,223.11,723
"1069",2025-04-07 13:41:00,222.79,222.79,222.79,222.79,298
"1070",2025-04-07 13:45:00,223.6296,223.91,223.6296,223.91,1667
"1071",2025-04-07 13:46:00,223.01,224.45,223,224.45,1128
"1072",2025-04-07 13:48:00,224.15,224.15,224.15,224.15,450
"1073",2025-04-07 13:49:00,223.76,223.76,223.76,223.76,260
"1074",2025-04-07 13:50:00,224.11,224.11,224.11,224.11,103
"1075",2025-04-07 13:51:00,223.93,223.93,223.93,223.93,376
"1076",2025-04-07 13:54:00,224.3,224.3,224.3,224.3,141
"1077",2025-04-07 14:01:00,224.63,224.63,224.06,224.06,1811
"1078",2025-04-07 14:04:00,224.2,224.37,224.11,224.37,4525
"1079",2025-04-07 14:05:00,223.91,223.91,223.91,223.91,101
"1080",2025-04-07 14:06:00,222.96,223.15,222.96,223.15,565
"1081",2025-04-07 14:07:00,223.34,223.83,223.34,223.83,750
"1082",2025-04-07 14:08:00,223.7,223.7,223.7,223.7,288
"1083",2025-04-07 14:10:00,224.2,224.2,223.75,223.9836,609
"1084",2025-04-07 14:11:00,223.765,223.765,223.765,223.765,174
"1085",2025-04-07 14:13:00,223.29,223.29,223.29,223.29,226
"1086",2025-04-07 14:14:00,223.265,223.3978,223.265,223.3978,1787
"1087",2025-04-07 14:16:00,223.71,223.71,223.7,223.7,701
"1088",2025-04-07 14:17:00,224.02,224.02,224.02,224.02,339
"1089",2025-04-07 14:18:00,224.19,224.19,224.19,224.19,353
"1090",2025-04-07 14:21:00,224.4699,224.4699,224.17,224.17,684
"1091",2025-04-07 14:22:00,224.72,224.72,224.72,224.72,182
"1092",2025-04-07 14:25:00,224.43,224.43,224.43,224.43,306
"1093",2025-04-07 14:27:00,223.4503,223.4503,223.4503,223.4503,860
"1094",2025-04-07 14:31:00,223.0365,223.0959,223.0365,223.0959,335
"1095",2025-04-07 14:33:00,222.88,222.88,222.88,222.88,206
"1096",2025-04-07 14:36:00,223.35,223.54,223.35,223.54,390
"1097",2025-04-07 14:37:00,223.44,223.44,223.44,223.44,228
"1098",2025-04-07 14:40:00,223.675,223.675,223.675,223.675,360
"1099",2025-04-07 14:41:00,223.805,223.805,223.805,223.805,123
"1100",2025-04-07 14:48:00,222.9,222.9,222.9,222.9,316
"1101",2025-04-07 14:53:00,222.485,222.485,222.485,222.485,384
"1102",2025-04-07 14:59:00,221.94,221.94,221.94,221.94,100
"1103",2025-04-07 15:00:00,222.27,222.623,222.27,222.623,6808
"1104",2025-04-07 15:01:00,222.603,222.603,222.603,222.603,6592
"1105",2025-04-07 15:02:00,222.15,222.15,222.15,222.15,371
"1106",2025-04-07 15:03:00,222.16,222.16,222.16,222.16,380
"1107",2025-04-07 15:04:00,222.2157,222.2157,222.2157,222.2157,336
"1108",2025-04-07 15:17:00,221.42,221.42,221.42,221.42,109
"1109",2025-04-07 15:20:00,222.315,222.315,222.315,222.315,113
"1110",2025-04-07 15:21:00,221.45,221.45,221.45,221.45,127
"1111",2025-04-07 15:24:00,221.55,221.55,221.55,221.55,413
"1112",2025-04-07 15:25:00,221.58,221.58,221.58,221.58,756
"1113",2025-04-07 15:26:00,221.2999,221.2999,221.24,221.24,4104
"1114",2025-04-07 15:31:00,221.625,221.625,221.58,221.58,279
"1115",2025-04-07 15:34:00,223.0591,223.0591,223.0591,223.0591,947
"1116",2025-04-07 15:35:00,222.61,222.61,222.61,222.61,846
"1117",2025-04-07 15:36:00,222.67,222.67,222.67,222.67,164
"1118",2025-04-07 15:37:00,223.04,223.155,223.04,223.155,1731
"1119",2025-04-07 15:39:00,222.525,222.525,222.525,222.525,352
"1120",2025-04-07 15:44:00,220.86,220.86,220.86,220.86,168
"1121",2025-04-07 15:46:00,221.3599,221.3599,221.3599,221.3599,4520
"1122",2025-04-07 15:47:00,221.34,221.34,221.34,221.34,767
"1123",2025-04-07 15:50:00,221.35,221.35,220.98,221.05,325
"1124",2025-04-07 15:51:00,221.35,221.36,221.35,221.36,301
"1125",2025-04-07 15:52:00,221.41,221.41,221.4,221.4,400
"1126",2025-04-07 15:53:00,221.73,221.73,221.545,221.545,302
"1127",2025-04-07 15:54:00,221.46,221.81,221.3751,221.81,1212
"1128",2025-04-07 15:55:00,222.5328,222.5328,222.5328,222.5328,955
"1129",2025-04-07 15:57:00,222.02,222.02,222.02,222.02,166
"1130",2025-04-07 15:59:00,222.1515,222.49,222.1515,222.49,1036
"1131",2025-04-08 09:30:00,230.74,230.74,230.74,230.74,620
"1132",2025-04-08 09:33:00,229.33,229.33,229.33,229.33,333
"1133",2025-04-08 09:34:00,229.605,229.605,229.605,229.605,208
"1134",2025-04-08 09:36:00,228.8038,228.8038,228.755,228.755,496
"1135",2025-04-08 09:39:00,228.86,228.86,228.795,228.795,297
"1136",2025-04-08 09:40:00,228.83,228.83,228.83,228.83,281
"1137",2025-04-08 09:41:00,228.61,228.61,228.55,228.55,597
"1138",2025-04-08 09:47:00,229.745,229.745,229.745,229.745,115
"1139",2025-04-08 09:49:00,228.86,229.32,228.86,229.32,789
"1140",2025-04-08 09:55:00,229.865,229.865,229.72,229.72,573
"1141",2025-04-08 10:00:00,230.43,230.43,230.43,230.43,696
"1142",2025-04-08 10:03:00,230.685,230.685,230.685,230.685,158
"1143",2025-04-08 10:08:00,230.63,230.63,230.63,230.63,373
"1144",2025-04-08 10:11:00,230.6291,230.6291,230.6291,230.6291,751
"1145",2025-04-08 10:12:00,230.5975,230.5975,230.5975,230.5975,100
"1146",2025-04-08 10:18:00,231.13,231.2255,231.13,231.2249,806
"1147",2025-04-08 10:19:00,231.1128,231.1128,231.1128,231.1128,387
"1148",2025-04-08 10:22:00,231.025,231.025,231.025,231.025,382
"1149",2025-04-08 10:26:00,230.615,230.665,230.615,230.665,426
"1150",2025-04-08 10:28:00,231.08,231.2501,230.76,231.2501,2118
"1151",2025-04-08 10:33:00,230.63,230.63,230.63,230.63,100
"1152",2025-04-08 10:34:00,230.9213,230.9213,230.9213,230.9213,146
"1153",2025-04-08 10:35:00,230.63,230.63,230.63,230.63,668
"1154",2025-04-08 10:45:00,230.06,230.06,230.06,230.06,730
"1155",2025-04-08 10:47:00,229.79,229.83,229.79,229.83,751
"1156",2025-04-08 10:56:00,228.58,228.58,228.58,228.58,138
"1157",2025-04-08 11:08:00,227.77,227.993,227.76,227.993,658
"1158",2025-04-08 11:12:00,227.7167,227.7167,227.7167,227.7167,154
"1159",2025-04-08 11:23:00,226.983,226.983,226.983,226.983,326
"1160",2025-04-08 11:29:00,226.5872,226.5872,226.5872,226.5872,101
"1161",2025-04-08 11:31:00,226.79,226.79,226.79,226.79,467
"1162",2025-04-08 11:50:00,227.245,227.245,227.245,227.245,127
"1163",2025-04-08 12:08:00,227.14,227.14,227.14,227.14,466
"1164",2025-04-08 12:12:00,227.58,227.58,227.58,227.58,132
"1165",2025-04-08 12:14:00,227.06,227.06,227.06,227.06,199
"1166",2025-04-08 12:15:00,227.05,227.05,227.05,227.05,384
"1167",2025-04-08 12:23:00,225.506,225.506,225.506,225.506,154
"1168",2025-04-08 12:31:00,225.81,225.81,225.09,225.25,1938
"1169",2025-04-08 12:36:00,225.21,225.21,225.2,225.2,657
"1170",2025-04-08 12:37:00,225,225,225,225,791
"1171",2025-04-08 12:44:00,224.0557,224.21,224.0557,224.21,730
"1172",2025-04-08 12:45:00,223.975,223.975,223.975,223.975,112
"1173",2025-04-08 12:46:00,224.33,224.33,224.33,224.33,774
"1174",2025-04-08 12:48:00,224.55,224.71,224.55,224.66,1968
"1175",2025-04-08 12:50:00,224.78,224.78,224.33,224.33,442
"1176",2025-04-08 12:53:00,224.49,224.49,224.49,224.49,265
"1177",2025-04-08 12:56:00,224.44,224.44,224.43,224.43,934
"1178",2025-04-08 12:57:00,223.92,223.92,223.92,223.92,320
"1179",2025-04-08 13:00:00,223.55,223.55,223.06,223.06,1077
"1180",2025-04-08 13:01:00,223.06,223.06,223.06,223.06,941
"1181",2025-04-08 13:03:00,223.245,223.245,223.245,223.245,198
"1182",2025-04-08 13:06:00,223.3912,223.3912,223.3912,223.3912,300
"1183",2025-04-08 13:08:00,222.5301,222.5301,222.5301,222.5301,201
"1184",2025-04-08 13:13:00,222.26,222.26,222.26,222.26,609900
"1185",2025-04-08 13:18:00,222.52,222.52,222.51,222.51,434
"1186",2025-04-08 13:20:00,222.47,222.47,222.47,222.47,1019
"1187",2025-04-08 13:35:00,221.41,222.24,221.41,222.24,1458
"1188",2025-04-08 13:36:00,221.9404,221.9404,221.65,221.65,389
"1189",2025-04-08 13:37:00,221.945,222.05,221.945,222.05,556
"1190",2025-04-08 13:38:00,222.51,222.51,222.51,222.51,1343
"1191",2025-04-08 13:51:00,222.86,222.86,222.86,222.86,380
"1192",2025-04-08 13:56:00,222.9752,222.9752,222.9752,222.9752,968
"1193",2025-04-08 14:21:00,222.22,222.22,222.22,222.22,220
"1194",2025-04-08 14:22:00,222.35,222.35,222.35,222.35,227
"1195",2025-04-08 14:30:00,221.4,223.2,221.4,223.13,3848
"1196",2025-04-08 14:31:00,222.55,222.55,222.26,222.26,1327
"1197",2025-04-08 14:34:00,221.8,221.8,221.8,221.8,2325
"1198",2025-04-08 14:37:00,221.78,221.78,221.49,221.49,681
"1199",2025-04-08 14:38:00,221.535,221.535,221.535,221.535,149
"1200",2025-04-08 14:39:00,221.53,221.6323,221.53,221.6323,213
"1201",2025-04-08 14:41:00,221.11,221.11,221.11,221.11,100
"1202",2025-04-08 14:43:00,220.8029,220.8029,220.8029,220.8029,212
"1203",2025-04-08 14:45:00,221.27,221.29,221.27,221.29,1286
"1204",2025-04-08 14:46:00,221.44,221.44,221.44,221.44,239
"1205",2025-04-08 14:53:00,221.7571,221.7571,221.62,221.62,2037
"1206",2025-04-08 15:00:00,220.83,220.83,220.82,220.82,311
"1207",2025-04-08 15:06:00,219.894,219.894,219.894,219.894,153
"1208",2025-04-08 15:09:00,219.555,219.555,219.555,219.555,637
"1209",2025-04-08 15:10:00,219.2,219.2,219.2,219.2,274
"1210",2025-04-08 15:17:00,217.95,217.95,217.95,217.95,250
"1211",2025-04-08 15:29:00,219.11,219.11,219.11,219.11,107
"1212",2025-04-08 15:32:00,218.38,218.38,218.38,218.38,1037
"1213",2025-04-08 15:33:00,218.475,218.475,218.455,218.455,874
"1214",2025-04-08 15:35:00,217.65,217.65,217.65,217.65,103
"1215",2025-04-08 15:38:00,216.5144,216.5144,216.5144,216.5144,182
"1216",2025-04-08 15:39:00,216.5999,216.5999,216.5999,216.5999,321
"1217",2025-04-08 15:46:00,216.22,216.22,216.05,216.05,858
"1218",2025-04-08 15:50:00,215.75,215.75,215.75,215.75,1118
"1219",2025-04-08 15:51:00,216.99,216.99,216.99,216.99,250
"1220",2025-04-08 15:52:00,217.6985,217.6985,217.6985,217.6985,855
"1221",2025-04-08 15:53:00,217.4748,217.4748,217.4748,217.4748,156
"1222",2025-04-08 15:54:00,218.24,218.42,218.09,218.42,1698
"1223",2025-04-08 15:55:00,218.21,218.21,217.615,217.615,762
"1224",2025-04-08 15:56:00,218.13,218.13,218.08,218.08,1348
"1225",2025-04-08 15:57:00,218.4,218.6,218.4,218.4599,707
"1226",2025-04-08 15:58:00,218.34,218.34,218.31,218.31,935
"1227",2025-04-09 09:30:00,217.07,217.07,217.07,217.07,912
"1228",2025-04-09 09:33:00,218.185,218.185,218.185,218.185,231
"1229",2025-04-09 09:35:00,218.5,218.5,218.5,218.5,161
"1230",2025-04-09 09:36:00,218.6425,218.6425,218.06,218.06,1216
"1231",2025-04-09 09:38:00,217.99,217.99,217.99,217.99,580
"1232",2025-04-09 09:39:00,219.55,219.55,219.55,219.55,507
"1233",2025-04-09 09:41:00,220.99,221.1905,220.99,221.1905,502
"1234",2025-04-09 09:42:00,220.55,220.55,220.55,220.55,567
"1235",2025-04-09 09:45:00,219.11,219.21,219.11,219.21,904
"1236",2025-04-09 09:48:00,218.91,218.91,218.91,218.91,130
"1237",2025-04-09 09:52:00,220.26,220.26,220.08,220.08,1216
"1238",2025-04-09 09:54:00,220.26,220.26,220.26,220.26,228
"1239",2025-04-09 09:58:00,220.16,220.25,220.16,220.25,2581
"1240",2025-04-09 10:00:00,220.22,220.23,220.22,220.23,437
"1241",2025-04-09 10:04:00,220.81,220.81,220.81,220.81,700
"1242",2025-04-09 10:06:00,219.68,219.76,219.68,219.76,397
"1243",2025-04-09 10:07:00,219.48,219.48,219.48,219.48,210
"1244",2025-04-09 10:08:00,219.63,219.64,219.63,219.64,800
"1245",2025-04-09 10:11:00,220.18,220.1827,220.18,220.1827,845
"1246",2025-04-09 10:12:00,219.63,219.63,219.63,219.63,253
"1247",2025-04-09 10:15:00,219.05,219.09,218.92,218.92,449
"1248",2025-04-09 10:20:00,219.4,219.4,219.4,219.4,131
"1249",2025-04-09 10:21:00,219.21,219.21,219.21,219.21,116
"1250",2025-04-09 10:22:00,218.99,219.03,218.99,219.03,704
"1251",2025-04-09 10:23:00,219.24,219.36,219.24,219.36,414
"1252",2025-04-09 10:24:00,219.65,219.65,219.65,219.65,151
"1253",2025-04-09 10:26:00,219.31,219.31,219.31,219.31,701
"1254",2025-04-09 10:28:00,218.89,218.89,218.87,218.87,585
"1255",2025-04-09 10:29:00,219.25,219.25,219.25,219.25,259
"1256",2025-04-09 10:31:00,219.87,219.87,219.87,219.87,700
"1257",2025-04-09 10:36:00,220.14,220.14,220.14,220.14,172
"1258",2025-04-09 10:39:00,219.5,219.5,219.5,219.5,419
"1259",2025-04-09 10:44:00,219.1599,219.1599,219.1599,219.1599,100
"1260",2025-04-09 10:45:00,219.055,219.055,219.055,219.055,276
"1261",2025-04-09 10:46:00,219.4825,219.4825,219.4825,219.4825,325
"1262",2025-04-09 10:49:00,218.768,218.768,218.768,218.768,100
"1263",2025-04-09 10:59:00,217.07,217.14,217.06,217.09,6803
"1264",2025-04-09 11:01:00,217.28,217.28,217.28,217.28,455
"1265",2025-04-09 11:06:00,218.54,218.8,218.54,218.8,358
"1266",2025-04-09 11:08:00,218.53,218.53,218.53,218.53,101
"1267",2025-04-09 11:11:00,218.6455,218.6455,218.6455,218.6455,500
"1268",2025-04-09 11:12:00,218.68,218.68,218.68,218.68,100
"1269",2025-04-09 11:13:00,218.46,218.46,218.35,218.35,250
"1270",2025-04-09 11:14:00,218.57,218.6452,218.56,218.56,550
"1271",2025-04-09 11:15:00,218.615,219.27,218.615,219.27,300
"1272",2025-04-09 11:16:00,219.5,219.5,219.22,219.22,2100
"1273",2025-04-09 11:18:00,219.04,219.04,218.94,218.94,630
"1274",2025-04-09 11:19:00,219.28,219.28,219.28,219.28,423
"1275",2025-04-09 11:27:00,219.562,219.562,219.562,219.562,500
"1276",2025-04-09 11:28:00,219.39,219.39,219.39,219.39,115
"1277",2025-04-09 11:29:00,219.34,219.34,219.34,219.34,100
"1278",2025-04-09 11:30:00,219.31,219.58,219.31,219.58,607
"1279",2025-04-09 11:31:00,219.4609,219.4609,219.4609,219.4609,408
"1280",2025-04-09 11:37:00,218.9774,218.9774,218.9774,218.9774,288
"1281",2025-04-09 11:47:00,218.62,218.74,218.62,218.74,1346
"1282",2025-04-09 11:49:00,219.1099,219.1099,219.1099,219.1099,3132
"1283",2025-04-09 11:51:00,219.1419,219.1419,219.1419,219.1419,200
"1284",2025-04-09 11:53:00,218.71,218.71,218.7,218.7,1124
"1285",2025-04-09 11:54:00,218.51,218.51,218.51,218.51,383
"1286",2025-04-09 11:57:00,217.995,217.995,217.995,217.995,700
"1287",2025-04-09 12:00:00,217.79,217.79,217.79,217.79,3000
"1288",2025-04-09 12:10:00,219.04,219.04,219.04,219.04,263
"1289",2025-04-09 12:13:00,219.46,219.46,219.46,219.46,138
"1290",2025-04-09 12:25:00,219.45,219.45,219.45,219.45,100
"1291",2025-04-09 12:30:00,219.36,219.3892,219.36,219.3892,961
"1292",2025-04-09 12:34:00,219.93,219.96,219.93,219.96,4095
"1293",2025-04-09 12:45:00,219.7376,219.7376,219.7376,219.7376,140
"1294",2025-04-09 12:46:00,219.92,219.94,219.92,219.94,800
"1295",2025-04-09 13:02:00,220.8,222.19,220.8,222.19,1717
"1296",2025-04-09 13:03:00,221.74,221.784,221.74,221.784,345
"1297",2025-04-09 13:04:00,222,222,222,222,700
"1298",2025-04-09 13:05:00,222.08,222.08,222.05,222.05,944
"1299",2025-04-09 13:06:00,221.5496,221.5496,221.5496,221.5496,187
"1300",2025-04-09 13:13:00,220.725,220.725,220.725,220.725,100
"1301",2025-04-09 13:16:00,221.1165,221.1165,221.1165,221.1165,230
"1302",2025-04-09 13:18:00,220.97,220.97,219.86,219.86,926
"1303",2025-04-09 13:19:00,219.62,225.12,219.62,225.12,2606
"1304",2025-04-09 13:20:00,224.0651,224.18,224.0651,224.18,372
"1305",2025-04-09 13:21:00,230.226,230.226,230.226,230.226,250
"1306",2025-04-09 13:22:00,228.95,228.95,228.95,228.95,113
"1307",2025-04-09 13:24:00,230.22,230.22,230.22,230.22,100
"1308",2025-04-09 13:25:00,231.14,232.21,231.14,232.21,353
"1309",2025-04-09 13:26:00,232.99,232.99,232.81,232.81,647
"1310",2025-04-09 13:27:00,234,234.005,234,234.005,371
"1311",2025-04-09 13:28:00,234.12,234.12,233.87,233.87,334
"1312",2025-04-09 13:29:00,231.84,232.1096,230.71,230.71,1178
"1313",2025-04-09 13:30:00,230.9,230.9,230.81,230.81,754
"1314",2025-04-09 13:32:00,232.02,232.02,232.02,232.02,211
"1315",2025-04-09 13:33:00,233.01,233.46,233.01,233.46,267
"1316",2025-04-09 13:35:00,236.15,236.22,235.87,235.87,552
"1317",2025-04-09 13:36:00,234.81,234.88,234.58,234.88,793
"1318",2025-04-09 13:37:00,234.94,235.23,234.85,234.85,2135
"1319",2025-04-09 13:38:00,234.69,234.69,234.21,234.21,365
"1320",2025-04-09 13:39:00,233.78,233.9,233.78,233.9,662
"1321",2025-04-09 13:40:00,232.04,232.04,232.04,232.04,762
"1322",2025-04-09 13:45:00,232.425,232.425,232.425,232.425,135
"1323",2025-04-09 13:46:00,233.6251,233.6251,233.6251,233.6251,101
"1324",2025-04-09 13:47:00,233.93,233.93,233.43,233.64,1024
"1325",2025-04-09 13:49:00,234.715,234.715,234.5,234.5,465
"1326",2025-04-09 13:50:00,234.1,234.1,233.47,233.47,704
"1327",2025-04-09 13:51:00,233.37,233.57,233.36,233.57,419
"1328",2025-04-09 13:54:00,233.7299,233.9357,233.7299,233.9357,830
"1329",2025-04-09 13:58:00,236.0912,236.0912,236.0912,236.0912,605
"1330",2025-04-09 13:59:00,235.7,235.7,235.7,235.7,758
"1331",2025-04-09 14:01:00,236.61,236.61,236.61,236.61,489
"1332",2025-04-09 14:03:00,236.57,236.74,236.57,236.74,450
"1333",2025-04-09 14:05:00,236.555,236.555,236.555,236.555,157
"1334",2025-04-09 14:06:00,235.9,235.9,235.9,235.9,243
"1335",2025-04-09 14:07:00,235.68,235.68,235.68,235.68,239
"1336",2025-04-09 14:08:00,234.85,234.85,234.37,234.57,3967
"1337",2025-04-09 14:10:00,235.15,235.38,235.15,235.38,556
"1338",2025-04-09 14:11:00,236.03,236.03,236.03,236.03,238
"1339",2025-04-09 14:13:00,236.066,236.066,236.066,236.066,115
"1340",2025-04-09 14:15:00,235.27,235.27,235.27,235.27,147
"1341",2025-04-09 14:16:00,235.41,235.8,235.41,235.8,1328
"1342",2025-04-09 14:17:00,235.67,236.095,235.66,236.095,1569
"1343",2025-04-09 14:18:00,236.55,236.55,236.55,236.55,260
"1344",2025-04-09 14:19:00,236.23,236.23,236.23,236.23,242
"1345",2025-04-09 14:20:00,235.75,235.75,235.75,235.75,232
"1346",2025-04-09 14:22:00,235.66,236.08,235.66,236.08,430
"1347",2025-04-09 14:23:00,236.61,236.61,236.61,236.61,200
"1348",2025-04-09 14:24:00,237.0051,237.0051,237.0051,237.0051,147
"1349",2025-04-09 14:26:00,236.87,236.87,236.87,236.87,770
"1350",2025-04-09 14:27:00,237.6504,237.6504,237.6504,237.6504,194
"1351",2025-04-09 14:28:00,238.02,238.02,238.02,238.02,348
"1352",2025-04-09 14:30:00,237.46,237.78,237.46,237.78,348
"1353",2025-04-09 14:31:00,237.65,237.65,237.65,237.65,306
"1354",2025-04-09 14:35:00,236.69,236.69,236.69,236.69,638
"1355",2025-04-09 14:37:00,236.83,236.83,236.83,236.83,352
"1356",2025-04-09 14:38:00,236.76,236.89,236.76,236.89,525
"1357",2025-04-09 14:40:00,236.75,236.97,236.75,236.97,287
"1358",2025-04-09 14:41:00,236.58,236.58,236.58,236.58,737
"1359",2025-04-09 14:42:00,236.27,236.27,236.27,236.27,305
"1360",2025-04-09 14:43:00,235.66,235.67,235.66,235.67,386
"1361",2025-04-09 14:46:00,234.86,234.86,234.7,234.7,358
"1362",2025-04-09 14:48:00,235.07,235.2,235.07,235.2,1302
"1363",2025-04-09 14:52:00,236.19,236.19,236.19,236.19,100
"1364",2025-04-09 14:53:00,235.8,235.85,235.77,235.85,867
"1365",2025-04-09 14:54:00,235.32,235.32,235.27,235.27,982
"1366",2025-04-09 14:55:00,235.05,235.16,235.05,235.05,359
"1367",2025-04-09 14:57:00,234.84,234.84,234.84,234.84,193
"1368",2025-04-09 14:59:00,234.4,234.4,234.178,234.2,1122
"1369",2025-04-09 15:01:00,233.93,234.31,233.93,234.31,883
"1370",2025-04-09 15:10:00,236.2,236.2,236.2,236.2,700
"1371",2025-04-09 15:12:00,236.215,236.35,236.215,236.35,1476
"1372",2025-04-09 15:17:00,236.65,236.74,236.64,236.74,602
"1373",2025-04-09 15:25:00,238.27,238.27,238.27,238.27,223
"1374",2025-04-09 15:36:00,239.02,239.02,239.02,239.02,538
"1375",2025-04-09 15:40:00,238.71,238.71,238.71,238.71,136
"1376",2025-04-09 15:44:00,238.67,238.67,238.535,238.535,210
"1377",2025-04-09 15:45:00,238.7208,238.7208,238.7208,238.7208,699
"1378",2025-04-09 15:50:00,239.54,239.54,239.54,239.54,366
"1379",2025-04-09 15:52:00,240.47,240.47,240.47,240.47,539
"1380",2025-04-09 15:53:00,240.25,240.25,240.25,240.25,106
"1381",2025-04-09 15:55:00,240.1,240.1,240.1,240.1,783
"1382",2025-04-09 15:59:00,239.78,239.78,239.3,239.3,1857
